tx_sender,total_txn_gas_spent
0XF0C7A14E4EFA125D18E4ED86D106FBBB6570C220,1818318615933
0XBFBCB584C0C9025BDB69AB9A95B69058D96E6B87,1267494773691
0X57704E0F9F7B423A6D42CBE6DB211AF3F05C3C33,790054482016
0X9611A4FC98A4C6E77A3096A5082006A9DA1B4B75,750134415906
0X356D795EB6FB841E512A99CB1507E8CB599C4134,710968094641
0X9A3BDE27478602791BD7BD9DB1EEDA8D1E276374,710597593944
0X242B14F49C8E00466DD73C7F30F01AD2FF141ACE,681557588603
0X0F28EDC9C19CDEE15437CDDD76AD2FB46153AA75,585789598298
0X2F61714E861AB198F97F0A0629A51DFE437A75C3,566551998873
0X6B05AA85A83027E4A76F136EE395B79404707A28,366565774404
0XE93685F3BBA03016F02BD1828BADD6195988D950,348573373541
0X4156EDBAFC5091507DE2DD2A53DED551A346F83B,243043662923
0XD777384D8AFE7A720F279B9E9963464D56C3C317,223386225248
0XECA649F0F9F95D89FA6D730D3264915329026CF2,215617518247
0X4222730FBFF74461B909E80D5ABF88F0F5F79960,200611035486
0XEA2B4F35B80837BD6C67FC105D1A3B4129E750B7,158103484037
0XF0246C84BB2DCB2C68A17047480A669D59E2F41C,118296743172
0X96F525780182C75B439765A82BD6CDACCB3479C7,114227685296
0XDFF45A3A21F00F7EDFB28816E8589C337421CC91,99944282219
0X77307E4E3EDBA9636DA65452316E1C9605E03006,71928409572
0XF5912370C56C12AB5A074BFB4BC09F65CE20A78A,69757042844
0XC5652C0A6D088A080D69CFE6A21BEDB44F15E894,61217218132
0X53E9FB844DA0B40DC6B2C38F366DFE45E7F00F57,57471158044
0X478B4C6FAC6B99D753E9CE2A0610D508E4FADCA9,57320561360
0X483297D264EDA358492BE53157C45398AB89F68F,57146865095
0XDDE3A0E55AD28420DCA42D4B67864E18E8F32956,57109291557
0XBF731FF577EA917FB7EB69B22DBA97011FB7DB85,56658641593
0X6C90B2374ABB8AE9D299B576E6C86933AD11A05E,55640942501
0XE09348C518C51671A54FCE1F16A1D55EDE6C7C58,49633128284
0X4DE0A0A8CE102189990243FE4F8D6D5F9131F7E2,46781943396
0X5451DB6BCF03A503D58901E9E057EB4EF2F5A003,43907600933
0XC728E910F01B38C2F07191B12A84CACDA4888D9D,40122911569
0XE743A49F04F2F77EB2D3B753AE3AD599DE8CEA84,39279778445
0X2700A2A348D60FBE2443648CCEBB8DEEC67D53C6,38944786213
0X95205E1FBA8DEE07DD457558C83A6D395910570C,37957558519
0XC76374D53232B37AFEA67D211CF19417B4BCD21E,37658871419
0XD453620F515E1F0A355D1AF0F3B92F270BCCE684,37497116393
0X74092410C5DA42D285396FCB49111BEEE2E831EB,36854724228
0X432F040CCEE378210A5C27942C9904332864E5A5,35805091068
0XB8FF877ED78BA520ECE21B1DE7843A8A57CA47CB,32269295154
0XE4310545E143B6E44AEFA9A96F9ACA44984CB1E0,31898671159
0XAE796FEA209C83631C26A31AEE1136BC167C5EF6,31283204014
0XC2A0D29E651E2B470EB5D13C65900061886CF5B9,29933868460
0XFC2B0EA4F1910833DB4FDC7ECAB54C8B93FB956F,29618271595
0X3E1717A7320918228EC54B8DFA2CE0FD6DBCFDB2,28588295039
0XD69EECAF9A747AFF01B12DAA3F07175A3A13ABB6,28257389380
0XF35F6C823E482AA928C5F38A0E4355F3B5D77D8D,27852725277
0XD3E4BDC6CDCFF041D3501DF07A97F597278EBF11,27526548130
0XF9501A4F4EBA0121F613C9073A80DE4FA0EBF55D,23484947080
0X8F02DF367D80DC5E7EB2FEBD334AB473B35CC269,20771553399
0X858E40A7A5D105B7C18196EE2698C39E4BDFC46A,20282878746
0X56DB3D50F8711FBAB02A37E80D0ED6B019D5F654,19980446740
0XD99AC0681B904991169A4F398B9043781ADBE0C3,18490743768
0X9CCB778D4807F29C1963699CB546455965DF6C15,18432182339
0X948AF0EC88F254CE8867B905F72E97C603E4AED5,17904110601
0X7ED5F6D53D3E75B0B4CE9EE84B27C8B527376621,17856573367
0X385269696F8AD66FA463B25ECB59B236763B53C1,17569385722
0XDC84E1905DA1CC0201A54143DCCC2F6F925B74B2,17413716796
0X16DA05F1B260E9843E403E6C6CBB3DD1CF92A762,17314760867
0X135C653984C9E098CBE46529945733DE6643F5F3,16657892183
0X25E58696FBC8EB88301EE06A57F77D9F0715EC97,16572337259
0X80DE49A2BD357B7D0061A6A614F4E3E77B704BC8,16199964118
0X0864C1F065FF5564F4649A58A516C7F7C20BC369,16082478957
0X9728F7772F95A7346C22C831FF6BAC565662D8DA,15982130148
0X4E73199CEC5D87FAF869F7736694FB8F076F9BC7,15904844120
0X665E32B4B787637D34B8526F7618E4A441635996,15866802147
0X5059CB8C7A9D08CB6461FF0A991B714602226A9B,15499395119
0X77A862FA32996C42EC282FC413422B8A9FADCAC1,15329955620
0XC182AA0ECB24A674C00C76CE8F1761CC5A10611C,15277388554
0XDB0EFAE687EEB765C86C8DF37EAF7F3560C450C4,14930955793
0XFA65E65A6321C37486972D71B3F50400BD43F974,14925921721
0XCAD16A429344D5CAD94A9F0DB6483CAB7AD92429,14832515682
0XB305EDDEAE39F6A23900A5F280ECA2B125820A8E,14458701142
0X9EDB4AEBA2753499D88DC40086A5230182889B52,14336040877
0X6A83071BB3EAD7B8C1A08487DDDD10C3027C4CA2,14146053834
0X89D58350332F0369724DD996A4BBE6B0791CF079,14144666721
0X39A15124C762445759051FF18731D4D4EB32DA58,13451202991
0X0000000000000000000000000000000000000000,12846575537
0XA9963255CBCE7E7B762DFC557D1CA7D6B9ADCC4B,12782374698
0X79EAABC38CDD85DB7B2A194089CF5E42BB772A41,12709962734
0X50A06B83CA5500B3DE4638F9F3F991B9FFEEBB65,12697111620
0X73A1D547A12A03FB5AE816BF4A8E6D90D4C02D2A,12591456105
0XB4D64772218D36F97974E8BB6EF0D01B026C9A14,12467078285
0X8F496DA5B825C731697D3F70EA3E325F75DE2323,12285388510
0XE8101B2761D6CB4DB445B08A0E8DCA914F53C055,12177733282
0X9E1CC320D7813364F57BA34EC9C0707E52C2D79E,12156872958
0XCA7EE9EE98FE6BBCD494566F88BBCE95EBDA0C18,11622732684
0XC7665A3A9D91CBB5A023FC7F74A6BF0F47F71859,11495907531
0XEF3036329C0C6F6A874CFFC8551E9373C75E15DC,11408209407
0X803DA6DA850087C9A8645E053CB6C60A3243AB84,11306705364
0X99CB34E4291E16BC625B14332D45EDFB475ABB60,11231462339
0X3E30939B4E0A8350FC628F1E4C4F854FDE53C052,11180065822
0X5CA7EAC6BC9EEA9FC4842DE1957D714074518562,11173077410
0X5443CA36434FC9EE5A00058A455068782C1B9256,11142436605
0X5FE5256A5DD4E30AD3106F97AC101B1D3B4C1317,11117951643
0X67FC1CF44A5DD5E780F266A519CA35FF33FB8C70,10783065302
0X33128FA08F5E0545F4714434B53BDB5E98F62474,10668741149
0X66E184BA3881A6110C097712CC3BE60269A4D055,10584536733
0XFC397502E11B8E08935DF2295ECB8A79D2122975,10481635761
0X6A45710188ACC25AD494BDA80E877073E9616E13,10259908821
0X52450A23BCA5AB334D7799A2F57EA4257584B549,10192382322
0X7234F86B07D1232C082B225E66A9D6682BA0CC1D,10124848858
0X8FE0314641D49E24C05983FF6F0CD94BDDBBFDD5,10081109418
0X21CE397631A79962CCF4EE648CE25E76F83B40BE,10032034940
0XF51754D95C0B9BB416AB4915E9F10B04D04D29E5,10001143540
0X92108540F63B301CD2D29A712A8514CEE0483E49,9886634427
0XE622CD7F199909CBE7E6DEF461BC50B112910FB0,9847436663
0X2F99842455E5A0DA720858A0A09CE9590263E412,9792675080
0XE4766F567E7917130C42AA4C5DFE4F1EE4DDD859,9782023115
0X75E3C50ABD0A0883AADB2B72DA23DF61CC49F73D,9743257993
0X8201B08520BD6B1BC7C9FA561FC00827342BA6FF,9709207792
0X05750FE6596DA77C835FC40F7EA92D36DD242722,9705290523
0X81F604EBB4754D780EACBE446B0FF2215C08B943,9701506967
0X44E62A2628363EA6640B27E5D706BD750F05B4B0,9691761948
0X430EAEF7A774CE357D254FD180631D34040F8642,9689488912
0X66F543D4EC1EB7EF54A4E9348F6312C8ED5CA8BA,9685920173
0XC65DAE5C50765D46C4BE8DF43A77EFB7C8CAF904,9615458397
0X09885DD7B22D9630988276AB86D19A4ED772B62C,9521319419
0X64F124A1F3A96AF27308417EAC755E5C64448EDB,9416058796
0X7C4C23F93D64C836A51A09054F8A6BBD254C6312,9353259205
0X580335AEAC33C5924E45AD3F089148DA05240AF2,9307745772
0XDABF2D06E5A421618A61DF8B65D870F84C623614,9198144249
0X26BEF7914AEA721EA1C620378B0C505103BE8E10,9182032290
0XC7B2E791EE0491C8DF611D5CCFD87B17A0CB9897,9137171798
0X8A955AC638A5627533EC1433167A4DC159E32602,9074203199
0X6E6EC3E3C28285BB38880F10F634870CF265FFAF,9068121117
0X49D95393682B16326A092B487EF68993011CD349,9041246782
0XBAF0CE711B3947EECBF19F556FF0C0400C03CEBC,9020647887
0XDD7ACBE8CA9D82E5FDED9C585F963CD5F10FEFDF,9015586145
0X3F71F41546F4B10DAA32FAFDBD67419FB1C57AAA,8998388673
0XEEC8EE9D58718B4373DC8F2470D95A5A828EDDAD,8995540715
0X23ECD4270C2D08A827189A7B919805547EACD12C,8992963636
0X7907D8E9A20964EA16D7E26DDF0699F6E714657B,8831309224
0X7532A9E3E9475337C8A907428E35932A20959FDF,8778633681
0XD129B66D2CED3077536AC05A9674CA4ECC22B378,8773709437
0X2CCEBF9367BE893C66D64CC9E292386C9101F5E7,8658452898
0X91A16D6468C1C357CA1522D3F310C53EDC7DF6B5,8646902491
0X49BAE7079EE049BCA21971E415430BEC80B62DF4,8579456276
0X1AC046D581A6B7E0C14F752C7B351977213BEA1C,8513903091
0X614B8E8BDA95961154B3D7EF950B4F128F4164AB,8500957841
0X609AC4888442995F557AF1830EDEE6A18EBCFE08,8340167966
0X98289029B0D4BB73EAD9EB1A3300ED724FCF6779,8230669247
0XDF2AE14470A3176AAC5E5F5D1BB345D8D0C498F5,8164151404
0XF0292E8D95BA289B97B370CB2446D7D8D6927998,8089376372
0X226FF49EAF06FE02476ABD82FEE87B921DBB5542,8054380880
0X6BB76261773870DBAC2E50B571D384BDB4F11FDD,8011067119
0X84FF5B0A8162E60AFC599AD98D7209EEB36A6A14,7888247325
0X96D4AEF6644D4EEE042CB2C168187DA929A88C30,7805158250
0X879BFB0762A7096894BA82173C4C0FC7688559E4,7671881826
0X7A5FC6460309D6C0BAF8FDDDDBC3F7DEC3F10A21,7664418499
0X86FBF30C601EA8E95F1DFBB1101EFAB37AB31574,7616513471
0XD58B3BCBEDF16558BD43685FC277F513AAC4510A,7591793554
0X583486A9DDEC78CC039C97F0E692B38A475F2484,7590387910
0X09440239C554ADC743569BF8DB4EBD5EECE3B44D,7587852209
0XC279CCE107A9272FFEC07CB1B7471491C2FEE5A2,7586258861
0X492581C19E78E6716BEB89FF7F75F8A7DF73942D,7585497208
0X9BA01DC4E5DE13257E9DFD01FA68132B41D1E766,7583573818
0X728719168C2319AAC5C5C15452A71F26A341EB56,7579790826
0X6EA3A9837D210236D8139355EB476AE35047D110,7574475342
0X7FE2298CB869F0A34EB45C4852FBC7E930EA0A42,7571057982
0X2318A1E395FA8C697284DB2C1C8FCD49F8840B17,7546274031
0XEFA074A29CBFE0B700440BBACE6A10F306628DA5,7468797827
0X5DE480336ED0FA4957397B67DE4C7ED6DDAE443D,7464393726
0XE3478483A9A7ECD8CDDE248EA43B48197B19E09E,7390429765
0X99AEDD9BFB5BBCD3FC139A531221ECA48A1F2EE0,7362370649
0X31148E9423E6ABDCDCF4CD6B13CBEBDECA29A9FE,7318988931
0XB673830491455616F8F8DAD0AB56C331D622E818,7305966871
0X84FC2B73D396CB921D40DAA2D3B6CA9B04E8077D,7290127709
0XB8556331FD6FBC99B53D1B5B6A18427E80959AE8,7171611721
0XCD847091F9D15C27D2AA3244221ED0A52804D3FF,7148437219
0X758A18B8E56DC720ACCB18A12065307E095E355E,7142595206
0X34505118D1BFB34BD0C836855F99C5AA5CDAE8B2,7097312944
0X04ED7D1B26E5A5AAF61A16A0B6713B483E58B59A,7093277813
0XE9E9AFED453DABCC460736E3ABF9D598F8B51627,7082380915
0XB3531E89BEECC2E5D09B89B8459971D102C1CAC2,7073657949
0X6F9B3F84A1A67D41F57594EBCD0DFECEE34839CA,7060326642
0XE3CA2AB8CEA6011B2FB1D79009F730BA874B4276,7052359005
0XB71D6813730621AE9EBCDC531A67B4B1033903E5,7030339202
0XBE905F486A5AFC311EEF5CCA184FAB073C3978FC,6958206657
0XFF3C14D75E8772215385AF54676780261073901D,6942101995
0XDB1422FD8D5D76F5A5C21305D223F69E16B7D14F,6912578522
0XF93CECF66A4E140AE91E240EA4E2FD1AD352EB78,6891791947
0XF6449018D7BB2FB3F07F7523911EAEB7AA3424A8,6850523349
0X00F2548CF639E54420E501A35346E8458989E6BD,6806579318
0X9F1D461B7E13E98CA8DA0B99BD694592C81C1C01,6792185982
0X3C5AB1FA39BEA9065EC08CC30283D84B349B69FC,6751097291
0X7A464A3B950717FB6902FEAAFCCE173EE2399E18,6750689275
0X136FFBA2B8DD5C04BFB5FA38D7BF4D53469BF0BA,6727763394
0X5433AAD525A5EFE50A512DC6F73B2D418F908D55,6693217892
0X12AC197604D9C396D8D5106C194F2053000808F8,6687924595
0XB21661BD54D72183474218D2FD2F9BF73C8CDD7A,6685821289
0X51FBBFD7CC0DD5EB1128B6ED8A1A8819978A7E0B,6580304035
0X1B7BF8DC6088AA724134397A3F292F1EEB3F0047,6489767487
0X433026F0311D63A7F873DB75EB1E744DF624EC30,6422894672
0X120781637314CB4A522C072FE83F682B88809DA6,6421164817
0XDDE0B3EEAE966D2121D42DD2B03727551B16A30C,6366736576
0XE801385159CD6F17506F38A7D1C459B5559700B7,6343661611
0XC4C5F52908F041939F334ECD6548C8BBA8E61BA5,6321151702
0XA8439D84128020744899617D0E880B972C59FAED,6316541930
0X31929E20D3FC56C2EB70D2089AC48CD663C71647,6281000111
0X1709735EFB831BF0F9BB3794EFF8AFF175068A76,6205025183
0X9C36A2F90FBAFB21FD45BE9DBA234E6DDABBEE3C,6197640889
0X62AF4AC591FF3B5A17ADB5189449513074953F6A,6097633978
0X2D0EE6C9F6342FE64105A34E40F695C12285114B,6086345835
0XF60DE76791C2F09995DF52AA1C6E2E7DCF1E75D7,5993160307
0XD69594FEE25DB8BE6D57C0BCDB5BE002B45B5334,5976498715
0XE3A21DE9A7A83CCD54D5F8CE5D3164E2FE2C4614,5969619493
0X30E7E868FBFB6BC621092EBB41515F66A64C51EE,5963112192
0XFE67D1249E2555A051069CE6CD46021B7FD63F82,5948308720
0X54B349ED962979660A597BCDE08E23234D72C886,5882570131
0X18BADF36EC74DAE9D3F028805B58C8CA27775268,5801025150
0XA302D8E3B1B131C72E861DB3F2FE16DC4825EBC4,5787701772
0XE6DAA6E0BFCF54DF16A1819A1F4FB494A0F8EAB7,5760815310
0X1BDD2A02A33C70F7E1672B83652F0E5FC1E5EAFC,5689385399
0XFFD20CCFA66CA393489D30103068826CA7F1D1BB,5684311488
0X72474CF4486119CF26B380A20702885EB561E6EA,5663658784
0XBC7B8BD8739F7B98417572AB82C7EA2F4FFCE5D6,5657684068
0X7E9BB2CA4AA8C55BC0672A07038774663FA0F7FF,5650129344
0X59C1EB9279E409C5D82D1C8EF49BB4089552DD98,5641837948
0X972D521729C0D07B360AE470F03878FE405F0650,5640877750
0X350B6FB19432269862425D884F9B11E1AECD31DB,5600693070
0XB9FE1A82972326AFE4A094132617CF684A5A3D02,5587733364
0XAEC109DCD8521D4E12A7EC04532CBF9ECAFFCC52,5585998425
0X85B0397E11A50673919C2FE04BAB65DB4353A165,5541151680
0XC7BA90CE97EDC362CB37E9437DE0A1051ED22B37,5476409412
0X3AE37844440B8626223F5C3A975113B2C0C1BD72,5474873576
0XF2846135A2EFDEA1C74DC967E2257F3F410CECBA,5466692296
0XFAAA50BAA2AF9A36F8D544962535043835659A71,5447814346
0X88E1CBD697A5F83397A628CBE78039207AF6E80E,5447641761
0X95EA9CEE3875ED5B0D396C3815964060B04D8F70,5437859463
0X0785019BEA72C62EFD53FB5C3F8433429130D1CC,5424466138
0XA01C28CEBCEA47F26877995AF0DD8A445F4ADAD5,5404651965
0XE60DABFF3E7FA76ED649F6F78C51D6A77729C0B2,5383542998
0X841B7ABCE55CC698BCFB4F5854DE6F04364A0895,5316194715
0X0736878ACEC9AB4AD1F84CC2686644B68A8A6C56,5194208016
0X0E9BFF4ADADF160F80B10AB08C1151C6A4CAF529,5150489741
0X1F19BC4735E333397A01ED2864788CC4D9DC371F,5055595540
0X20D7535349E9E997DAB46479B5A8E8FDCCE3CD61,5030312444
0X61F53B39AFD1391EF4007B76A309CE7C284725C2,5009713642
0X6FFD18AA322E70DD3E8930A13FB12C98A2E1F983,4970709150
0X5A3D751D27F6D75B7BD94FDA80B8224E42D9CE58,4948327381
0XD717D153541FE3CC9A01848C1B5E5C000D4E9719,4934146601
0X917D01FA6D87F75D0E4FCBB757BBA9AEFE108512,4921877698
0X36856D89BB823221354960AF7699C4DCBC091D6F,4803323222
0X839B1724ABEA53689CA5AB8AA15877D99CF3DB13,4800245817
0X21E929E8FE048C706D387C5B4645936E2D4410BD,4786541226
0XEC0C1080908E5CAF28E23CA8A46233EC9BC01419,4718131506
0X51273A1E1687847C04F78C33EB8289984E93FB7F,4692831287
0XA2DC61CCF1C0B8DD305B82DA1F43FE8289118FA7,4603173393
0X50381F15948AE5D757B1E1D82695977B25F18814,4586914824
0XA86A6F02DF186E3FEF09F95FC3C9746CAD50CBEC,4549371902
0X460D95131354DB53BD393406B65AB73206D01B05,4525048855
0XE48C7AF5DBBF684F40F8E9FE4736BB99DC315D1E,4505689177
0XC841F46D199F4DC14FC62881E18C56D1DC1D2D69,4502991034
0X58C5D15CA584A14B5595CF57074CD2D2F63EB68C,4489062884
0X11380A1F233CC021CF651452BDA661E65866382A,4485977671
0X072C6EFBD66CF86E01C36EB5DF618B0DD5BC7F04,4434677373
0X961AD4CBAE88D6645A8F44BEEEB889920B63CC6A,4418868381
0X852E6D1E764EC1E5E7EBA99BA82C73E544B90FCC,4397961039
0XDB29167CCA1CFBDC1CF3A5DDE89CEA310749F499,4393821367
0X6E32F6BF9DEE30FF420DE4FD5F4F5C2561D43769,4374854631
0X9C4E57DB42C9D8C5EF233C74FB37BABA630B88D3,4327288828
0XDC3C5B758245E616E4FE615001D4E124FB6D8224,4325452189
0X5B3FE5B83917E301C0B69097FF8F507D1FD1122C,4312488433
0X7C5FFBEE127E521822E5C89A93D39B3A5B3C5B10,4310539901
0X5D0F580BE35439B1A4B758DF2588B804B5E35A79,4304353312
0X4607086B0A322535B6C5E5AE27D59724D6A0E666,4268132889
0X6CD8A57F2FD57BBB258819A128544E6E714EBAFE,4268032491
0X43A996FA50D2F378D707ACA9DDCDE1C30CB68F63,4266704290
0XCDFDB00061FF8DE999D71C3B50FA3B719F7D930A,4245480226
0XFAE417320A0C57406A751E9344C9DFC8AE26E0CB,4213470813
0X6898428535A3DEEB400B2278DE7412BEC7F49AF9,4209952424
0XEB50F26352F02DC0706469F11BB95E6295302085,4206380949
0XD3464A2ABD860991277516A2A05044B01203DAC2,4134045732
0X4ECDD88A5C5FAE133704D367CA36BFC02D38D992,4113151291
0X7F6AF9013C9C9B3683E1295E908597C12BF2D447,4104151690
0X37CE6D9390C1844E4000974F35E7F1574970E92E,4096514098
0X14E7DFF6D75DA2C325259BB926B510B95CF7E58D,4082968508
0X2B387B58A88B16CADA4506DF2B54197262DA9B01,4081674990
0XB8CA87B017906B4EAC99D830AB42827D4046921F,4079931297
0X20A1E9B0F535DDBFE442D415119BDB3D58DAE037,4020314276
0XA867012FBBB4F632D8013ED5096C7EBA90B83AC9,4020100428
0X764EF8ABA8E67AF506FA65BAD1342BF34571EC3E,3992112857
0X4A811FC4150B0DACF5EEB9E826B56279254B7333,3975143795
0X75EF8F0589814E9ABFBFB774685C83D4F24BF35B,3966209835
0X049CEEEB76B20B41AC44419C6B33CD71FDEE68CD,3952035137
0XF6EAD840B217C879C6EEFC7B59798307F5DE6E02,3949755210
0X3C62CC09BA094B0B0CE05BBD0DCD4F7FECF80E6D,3915996168
0X2A72A76CB33AE7430C84ACF1BC824C16489CC367,3900631018
0XB0DB0A18BA8309B66AA54EA5BB55F4F457CA3EA8,3859210727
0X5B8B87331E484AFB35138DA956AA30BE26C1F22F,3795693323
0X126FB6BD5A635706BF244A2827C15690C2444A83,3774665954
0X8AE4C29C97A9DFBA7A4440C6336A7D37EBA0E12C,3768273737
0XD692E8E0DBD3B4B9DFEFE0500F097C17ABEA4583,3767134252
0X389BD7A171C837F9AD00CFA45F2163ADA530B958,3762775154
0X20324CD7959ED40D2906235ABF62BC28B4F06D57,3726557858
0X3A769223E4992969BCC7A3DE666A02A8709F4B3A,3721024877
0X7E8F0B08CC035753CB91494068765B8446B54E40,3712549871
0X8039AD1C6CA11711D806F7B178B1322AF70B60C9,3680340243
0X5C1AD971136CA8895528FA3FDD0F539A1E2F8CC0,3679933054
0X20530C992AD452E50165892758EFCF00C7B64F97,3679335693
0X76387F3603EE5C45C70C28983F42CD7289A1F6D4,3678434430
0X28A4F1C13FC3AF4B4AC9CE8DAC5EB7DE9DD35CA1,3676737777
0X8C1620523522375F8DA38FE631F487AE45C79499,3657846067
0XA256E4880982921286BB6C72F82568A2729B7264,3643927932
0XDAA7A02AA8D0B95243DFBE77036F6DE21CBC614B,3621278480
0X733304553D745856C11EA74D46F8815D9334305C,3588763097
0X3923AB1FC9EAF3844AD49E1AE9E2C32083E7BA7E,3573658022
0X26AD27A292AFFDB1AFC9445A5A49D197D3C0072D,3562848239
0X76B60DCF71DA2294F8AA034432D925D1EED8CF68,3562711040
0X86A9CCD503CB1F84B78CDFE487DB9378C1E1F710,3553080518
0X8315C03E699CB489DEEA0AACAECCC94A3EC17D55,3538772946
0X91F125F6DFDBBE7AA6AAF45681474349DFC80402,3528270530
0X30527D59F883CA5100E998272BC59BFDFE26F5E4,3523026209
0X101580C10A8CF6608371B735AE7CC3436CA9D9CA,3518952998
0XBDF485D5E3A8096EB3F70738726481B1491758A3,3514805830
0X1F33993EC4C64FB62FF9F3160680C18D90B2F680,3512443599
0X013A2D72EB86DE52199D345D903938FFC987B4C7,3505929553
0XC721B0B9E17B32DC9F981EEDBE4F70BE04B96415,3495693809
0XFFE8B20FAEC15D45DC8E44CA372A7BFAA424B101,3477295231
0X834A2327597E7A4F7144ACC1B7B323E2E30BDEAA,3467928568
0XF2BC825FB466136D00571B496E6EB1A601679919,3466941637
0XF118D7120094455211744A0444A4BE5F5B1CA4BF,3460072416
0XE65A741E068E0C361F63CCD077473971B7C008CD,3452002925
0X6EF0601443D6EF152F606AC13EAAAB530627E0CC,3449118175
0XFF31EF28C8D65FBD36A098E5D7F5B4BD6A9C3CF1,3428804416
0X64F04FDEFF38D38BC7E60596A3834DF404BF2744,3426962285
0X5EF22A038BDA1B01FBB280E32977D6595FBFB66E,3416922349
0X30EB0A2B2BEC05A946842651B88DD0E8CB05FBB1,3414729428
0XC98F11DAAAC76D3EF368FDF54FBBA34FFD951976,3404339047
0X6092B3AC8142F49DC2CF1DE491F6BE034F0C6B8F,3390883746
0X2138DA688C9DE36875D57083BE16066784EF3E1B,3390164108
0X082E4AC6F1BCFA6B31F4525FDFE30C685DF759ED,3381383130
0X3684FF2A4A9876DC4498466EAD433A8DF5EF3DDE,3380851151
0X6B16AA0ACF3508AE0A686D1C0B5DD69E5A6BA54D,3367253768
0XDDA19F2F8B3CEB6BE1DE77D1F8711362AD9A2125,3362972162
0XE1F7E15F3BAFE9E2B999BA0758A5238DE25113C0,3358267896
0XBD7D78D22A3A2A7F679F40C126B297D8B6ED63DD,3349319672
0X3CEBFEFBDA10326A2A5B4AEB33A0FEFFE2BA14D7,3343924818
0X61E3A9ED8BC7A682DE9E6028E6E4D60F19E7FAEF,3332752659
0X7784BBF48D8D5358FB8D647BA54C2963BCFB95D8,3323042215
0X91AE6B383FBA985F6641D46AA4F6BE41F081E347,3322503685
0X07897302E96318A68F1A2FB616F9036358E6E459,3321154959
0XE7FD307D9E78C6088586AB601351B5C1F3644B04,3307613074
0X8B5C4842E96C31ABA18E7C1FCF06DB99D071D45F,3306180964
0X1EBE42EBC90AB14A9D44BC3E47455252877BF318,3299871983
0XFF54DA8535F14169C7784C6D7F0672498E9814B5,3299326489
0X8B9E3A97D3B6EBA7F6328AC99C1D1B849421E654,3287158284
0X850C69C1515D134A9E4180728AAB41EC034E64F9,3281873166
0XB793094558C2E0649EF8642141E55298F1381699,3279845185
0X44FA13943B83947C2DED0E9197C595CC0E1D279D,3251934520
0XB2E4DEA9068C70ADFBBDFA1287148FA6005DD2F1,3250401991
0X8CC0B0E01F235778A3684E68335F14D54062536F,3248280412
0X7D5EF84170648A7FC5205CBF9B1BE3A67C720B0A,3227895685
0XCBBA4A3AB07E76B57FD53E46F6FFD8DEA5DCED1B,3186154670
0X5A997CCDF57FEE13891995133D8833DB457F65E5,3177477860
0XAD79DE70D16C8426A256D352E68056223DB0113E,3165427154
0X1CFEDD38D0B19CD34A46214CC6B4ECAC4B45B08A,3164975587
0X6288BFE9F2FA8ED1E21249D68D637DB9D0AE36B5,3162405246
0XF987941A8A9697DAB01492B15D62C97DCFFE2A2F,3160274341
0X48231D260493036D922EA6C0DD0D708DC5CB653F,3156260803
0XD638A542ECAE005DA1DEA14343E6BBCE5FAEBBE2,3155954052
0X7D36835DDADB38EAAF58551EEE0DE02547177166,3153511385
0XEBE5217C8803B0297ABB71AE990E52F2DC2AE0A3,3153437409
0X972CA57D2A3B251D3FA7DF440B43D7A9441D70FC,3148206224
0X2FC0B67C0F68B57EE964E619644FBC8774F18373,3130438935
0X184D473862543B07BEF4D217FD3D5C0D8893E71F,3127293653
0XAC58C7603657B357AB32A3887254F95FADC100A1,3127175113
0XFB4A7F3B61E66F2FFCE84415EB39AAF3AB2A024C,3120883666
0X40421FB75BFADB37FD0440545288A1D6B8B45282,3117368094
0X51FEDC21D840E13862E1FE02AABFFA401CA4BF21,3100273187
0X38FCF6AAF523118BFEA55AB0747E490CEF5E71F2,3079161308
0XDA42B5C1F1BA421BC41654D2F3F600CBF978D09B,3075135740
0X1685E5B44C32C2D3108F19F9A9FBB8F103E1A629,3067904839
0XD938FCD044CEA9E1C077A44CC8F91133D2757FEB,3041548624
0X7A1B571106974061135C68094E38820B7923C844,3041390350
0XC3041115920F181A2701414A3949CCF19EF2772F,3039480412
0X410B0F1DF9F4E2213BFBDB47567855AAE1B0BB81,3038172193
0XA42EE7E85EB7357002FBCEEF41486D281236C78C,3029997647
0X976A61EA91968140AC1916A4E30A0FEFBF848F68,3027260777
0XDF17B4329909E2EC4E206D519A6F2FA36A366754,3019030671
0X443557CE92E31C147EDF3E2E434F33D51D9A1151,3018899013
0X27E2E98FAA4CB5CAF68A3D56A8D6FAEBBE2C4C7D,3012287915
0X862A1704618DDF3D46C6887D4355B4DAC4F7355D,3000531149
0X63C202287EA545E86DC2A9234F3615B3F3549A5D,2998156899
0X5A95521B5632F784063AFA0FB526B670B667BF2D,2998125991
0X718D79102DCFB8AF30F6BC4B153996C4CF71F781,2997034594
0X5A99D1DFABBFAF5F0F1CF5ADE3D380C0AFE11341,2996347013
0X2789BAE4D737B63A476F02C5D89C4142CF4E0EF8,2987248323
0X71152993D95E397EDBE3BF9D7E5E16AD467298C2,2981509244
0X06A70F6A98A9E54CF5D004AFDD484D6676A57A15,2973907090
0X9A323A36810A168DABB3A8F7A650A52DA7C4B23B,2968275648
0X32CE9ADC3BAB34A088EF9C8FC8BC6145E6AC5B3E,2963008846
0XA069F2204CAB4862C861925AD40B113D158A5E2F,2945358236
0X8ACE464BFB0C502CE1E9AC6D550A0C60A2B49A36,2943860031
0X15FB993B05F2BB38DE23F9212A618AFA7946CC51,2943007096
0X801E6BCBC74D5069ED79D856B37FA8606283FCF9,2941758026
0XE2CBB26FB6EBB050191AAA040B75959FE6888888,2936311972
0X6B71CEEE84E439C38F84A90EFA2B65DB21CDDAD8,2925825572
0XFFF68ED4105E580E1465BFEB211FBABFA56284AD,2915899761
0XA244AEDEEA47CF72CFEB90C7EC39358F631701F2,2911443092
0XEC3A01880388793217D6CEC83BE57DD144BFD210,2910207416
0X2D37F656D55ACA6B0B3F25FCF535357684451737,2899745219
0X10583C3DA99F7E980F58A778AED174DDDA2A4812,2893780410
0X825F8416D0C5CFC18BDAE9104C9A451C0207EE5E,2888247416
0X0F4C5A6A7E6C6989027AB6189A20A90C2F2D340A,2879171071
0X7D2880F60C7A12E624D16A3D8704932314DB14EB,2872838337
0X2B9C073A5DD0753DB7C367F530B4D4A7485ECEA9,2870281632
0X428A0FE9A63CCF5D2CEAC4603965DA287D7A1B74,2865575341
0XE193932B92CE312A214B9C1AFD402FD977422DEA,2856326196
0XE498E919DC961700C8D0F4A507344467A49609FA,2854256132
0XC85C8BD2B180427AE361899629749666F8BA34D2,2846543288
0X51F6749DEE3510F983C15B7C239CC6DF4E4054EA,2845880105
0XD06EF118AA05C194843279A35814C82F143951E8,2844745392
0X2442DEC8C1B253E6C389214256350201C92F2B76,2840598639
0XBA273AB995299544F1D6BE776F29207A5CB5FEC2,2836223295
0XFB11E759679E8A8BC6EF8136BE7D09427E27C0F0,2828687830
0XA1A8952ED420256A763C98B2C054FBE67923872D,2811689674
0X7396F3144B5D3AC8368F4E6E3C67E946AAD40F30,2808097835
0X7379E6927EBECE670CBA86D31C9EFB8CEE11DAED,2804851991
0XF09310B47CC796AD7F5C8EA8CF2DEF2188178FA8,2801076918
0X10193FA3A9BCABB4CB9DD6C1E728B8E84F3B8404,2799168027
0X6E4FDB2E7553409864C5DBCADD3FF35AEA607344,2798367356
0XDF4F0EA89424D7C932DB3352E3FFE9759FF924EB,2793423340
0X5956C5321E55614B882C766FD9B6C0BAD9721422,2781301705
0X062B3E792172B1DEE438F4FE0839EBF4366BEFD9,2778459868
0XF210D74F01983F741E13990A034D8092E26AAE4E,2776362941
0XA0FF77625B9A9A91B522B273CDD64D53D214A824,2773431258
0X8532E9D4141012B411BEF8BB88818B7998FF939D,2770150201
0X558D01BB750BB82D19C4C5DF4C0A2EE0BAFA93B3,2766121315
0X72D1F7F5AF8DC65388C85A88D6F60DE25990574C,2761405714
0X34F350C88B84A14D98CEF6D060EDDF936054C0A5,2760832218
0XC4DCEADD39DF3EDEE7EFE57E9641F13523814FAC,2758477136
0X2E98ABD5BCCA35ABE2D203DDE8A8354C841C108B,2749724248
0XB28837949E7A3F1AC862036E8A0AE392C9FF9BB4,2745299824
0X8AB01FEFF6486337606DAA57426E37F1B9DFADAE,2744850134
0X9FE7EDEDCD7DCF206CBE7F00BD23A6E70B398D74,2740931403
0X04722123CC98C8A78F4D2851D2B363561AF99EDF,2731243083
0XDB8014C3FB0C3A65250BF1E79839250B975E8164,2725519089
0XDB454B7735E436CFF690E4C50956BC04A4B8136C,2725123162
0XD0D2F56305B19C8DB94BBECC80E2AEDBCEAA105B,2723206795
0X408570441054B712A9F8B4C96101915C75E3F044,2720235889
0XBBB8A552477B3D8F9B4677FA1B895BF1A203CDEE,2714697437
0X2102C32A09CBCED4146C3DB2D27AE21A185BDA43,2712527150
0X7828DC393B5DE25CCE316AFBB98BEFBC769BA19E,2696696557
0X23211BAD7A0AD5D7373F6F8B323CA34A50DA8B62,2689948107
0XE3707FB9671FB21FD7BCBD78B753007D61762DFD,2686972817
0X384BE9298F5397484F934D87F94841740D3D0BCF,2684594509
0X6B16B4FA3DD11CF049ACD3CF820996F72C90C43B,2681416558
0X9120F4F75A87D63E35E4D0D0E1C8B88E7A7E1AAA,2679445105
0X6658A52627F055C8EE1813DA497256A87E283CC7,2673069587
0XC25050CFA8E9D6CBFC7DB7AB4EA44C7CC451896B,2668211981
0XB512DDB203CB1B46D59D66E1F90F243F7B831D90,2660230529
0X4C3580B6313493EA80AC6048F57856127D4C490C,2652672532
0XD5A900151B2B96082F8B2EDB9991DDB5058A0E73,2646964610
0X0FB4076FF31AF8DEA7D75F17316574DEE08F628B,2646587797
0XCFA8923BB2D97F7C692AAC5ABCB9C520A5B7B1E9,2642245189
0XCD480653C0B25D3482E8B66FFB22544907CC73EE,2641130850
0XE15B97B990E10175B3781077824D8945CD374F6A,2639686219
0XC2A1B4DBEA54FF7C3CFFB233FA1C59C6D7E2532C,2621729448
0XFA79106E9F5E62929848EE965B8FBA1EC1F93325,2621629539
0XA379670D4D42EDD9255940C510C763AE42C1F3B9,2617948709
0X339D413CCEFD986B1B3647A9CFA9CBBE70A30749,2615551148
0XCC917AB28544C80E2F0E8EFFBD22551A3CB096BE,2613557486
0XE7B6B355C777F26C0CD1C05ADB2B1FFB17DE31E3,2608759505
0X7E0305DB11088EC12AB00B7D68F26AB31F722027,2607825745
0X9A591923D8D48A75A8F5EECA1BCA6C2BE6AEC442,2603893047
0X0927AA917A3868A380CE2753A34D8D1EEBA6C14F,2603587839
0XCCCE0CAD424893AA8756E4D28FCE3DD03D9615DE,2599720924
0X3281DA75E108F57A8EDB3437E3E290B321C31C8C,2595562512
0XFEE4EE4F19E5D7468E8ED41F1FE09C730B91AFCE,2591981058
0XBF781A0E0990707DBD9345FCECDE6DF85D3A44DF,2591753462
0X566BFF007BE2A03E86BFE8F143FE9F14C6CBD24D,2585863159
0X515280AF855E4C1657D2E1A4EE8CABFAC3C112CE,2584304396
0X022BABEB1F9A0C9C7A86D703410E86256FAB2302,2584213485
0X857DF9A020FDA4AA776DB4DB4EAA4829624E7D83,2579897858
0X8714517AE5EA7CED7AC09E775C5004074B4AFDFE,2574884368
0X9C85B6EB471FFCE2A832B5587D8799A38CF68322,2570572460
0X75ED9130BC11E55FC4C2A11D65A53AA6D460A88C,2565270144
0X131444E5E5852922074DED7B1C9D3501A8DD3DEA,2556557934
0X5EC307AF21CEE32EB6A51D19D251D2AA7B192802,2549031933
0XFE09E34E6AF59E9A38583A15B4171D9D294876E9,2546498514
0XA122C09AA6494E0AB36B9FF0E42C516BE7376085,2544105891
0X8562E4199743671322652DD7955920D7BB0FD372,2536459994
0X571EE7BE7793504622831C7AD9BC5E97B97C5515,2526425546
0X93308EA02A0A679F1C1E5C1231BC8CD82CA90BC0,2526401842
0X7AEFCB3B1D69B845A9619428D162EE840D09E907,2523792734
0X721561D259637F4DD238A63A43F0A2DC37E26641,2518704162
0XC90ED68ED052CB56847E9F0E37B257977AAE5825,2517645287
0XF0C6AB480BA2E264E788F194589963950E544487,2513775415
0X233CACA5B80B2DE3A19DAB8B37F2CDECBD4E3E9C,2513315878
0XC990C29CFA5703535473B88E994BFAEE11A65919,2509249695
0XAF56F281CE9C85DFD9EE6134B6C1D6C1702E3F3D,2507635459
0XC45BE4AA46DB96AF9592FB0E07844BE6C11211CE,2506691141
0XCB62150CF23C094FB69DAF7F29D032B0E82C34DB,2506036151
0X74B36CB6E1C7A0C7D2728A574FB57091A1B57059,2500359185
0XDBD300EBA0F755BB06DA769A4E1A84E4330068AF,2499051091
0XC460183C9F877EF66E814CE1A8C9BD94133583A5,2490061240
0X6BD5D1619FAF67CCCE5E7EB49B8985FB84BEAE86,2489150337
0X0A1E221EBC34F515342A51DF73597BF3BB9CE31B,2477949009
0X39AFAB21FBAF1609D9416A245D0016E9CE873DF1,2476774471
0X582C52EA66C513203641DC64B3059B6B3735B315,2475261800
0X3DD7E06FAE9D35E04F317D7A2E9077DB3D952D7D,2472167239
0X3F03E65145AD880519D85759EEB67C7F5AE15BE1,2466727800
0X2DE9592048961C157648B226ED1647F6E9D3792A,2463168282
0X67D9624FC38DB3F7320BF76D726D005B209B2E45,2461885940
0XD3CF4AA1827AAF3D6FEE8D143B4A5C1C44FCEEF4,2460160404
0X49AA24A472A23F334A846D85206A212683B3E0FB,2454496704
0XE65088AC6442BFF13F35D790A4EBFC1C8AE8668F,2454123614
0XAE0EF4CF1A1ADFDB6F890B53D838F58D63685DE7,2453156010
0XBD0F43868181D1C399FC7405FBC46725B2F7AB17,2451483351
0X536A9B4876F552D30BC2644ADD4B30AFF479B286,2450777495
0X9E7E0D6A955E7767C54304030A0082CCBB857602,2440091654
0XEE628D002CD1C6531FE754FEFA71919C17F28E19,2438367909
0X3EE2FBD0E46C3F50E048599166F23A405DA841B0,2432429722
0X1D33B02ADE50AE65839042B8679D28359995FBC8,2427879042
0XDA6022D7AD72405B4CA5A5B628777F0908F29EE1,2426595224
0X86A86EEBF6A91DCA85E81C4037C40A4913FBBD40,2417795572
0XA46D978D2F5C8B4A6391955AC9000E673416F8F7,2416859427
0XFF4DA659835C3612E32FFF172556D3759933A894,2412713792
0X8C4DBAA698C9374F77057FEB8A2C99FC11869833,2411247135
0X5E004DCA235E358EFE27D5BA757041685D613908,2409343188
0X6493BA524E019EB6CC987B5DA319B91DEE8B6A7C,2409334428
0X5DC679B2EEDF991AE0B23F6EAA333FD03880DB81,2398030262
0XD088D15BB4569A650FEA8889E06EDDC1877DFD05,2397307222
0XA12C7B86499AAF95EA3AFC734F06488DFEECF4F7,2388398770
0X0543CC1FAA2B1DDEE9B1BFECB02C805DD78D5DB7,2387818887
0XA2D4C2CC07768A2A95930E176CB3CD62DDD103C0,2387505249
0XE95488A6610C993C2D51A5432D578F502F503001,2386914246
0X746ED74C3F0110A130E7BF464ADFDF51DA3A8FE4,2386850343
0X78D19C44C378F47BADF7A3D508F1F1949F6A35AE,2385727620
0XC2B4D37B66AD5C63354AD652A700E10DAF153E11,2385245348
0XB4EF9590F724565CAF344CC6AFB86DF266529CEE,2384885177
0XB8DEBBDE1777706155482E02D095BD5CAE27242A,2381489480
0X05552F284F1BCB65403B57F17D68F626A92D7A63,2379432142
0X64EFA181839274DDD6F330ED40059974089343EB,2375103685
0X11E63AB0F3B314A990FE61977B0D66F5E1460773,2374013808
0X338460B3AF6615705BCC2EB6B9E726F0C814FADE,2369491913
0X255670BE5B3237699258AD7E907783A3373A738F,2369217548
0X7A873EC0FDC07626B2451DADE2C6367A217C5BC7,2367797113
0X9BACBE67AE0CF7200A43260CD5EFE075219B521B,2367649781
0X6C634E45E750336E01DA915FA8F72B59058ECBE0,2366356761
0XFB5349B57FF0DFE72595ECC37FC828CAF31A388C,2361050270
0X2557672FE5510E6C9F98C225264CB723BDE5503B,2353284418
0XE8B2C24038079BB624010CA7185D5CDFB716320E,2352329758
0X88902117D492794C19E16785369CCABB65475C1D,2351159854
0X47C56E70C2AF854395CE151A1329F1F12DD101D7,2347261775
0X45CF70E5E2E5472BB7CBD65876ABE63029744150,2343900345
0XADBEEC0E2D3844EC46A0011BAD3FA82433E6BBF7,2342379836
0X4329A1B070500B633288A31F73F3CE46C7361B4B,2341104382
0XA3AD5CFB4FF4B68E37A338DA200BA441C1850B5B,2340535578
0X6E29D5BE8E393B18BD59F01367A39716CC1437E8,2339770879
0X8AE85596C2A74F842FF21CFAC42AF1916B2DF203,2337103507
0XFF52886D4E22D2614BAB6044944629EDF4A6183A,2336412617
0X5E8FDD243936DE35DF07AEB1B9C470287168D463,2335987805
0XC1F1BC2C47C7EB066013FE66B4B6C1C1B30B936A,2335948556
0XA22FFCB5295C1BEB7238E3914E19E0BC18DB8F23,2332211637
0X060FE58EE224D59DAB66618CFF65B5F2628CF5E8,2331846909
0X7C45B4291AFFD59F25D93EF21E7D5859796122FE,2331829853
0X184B451711B7C2BB9E3622560D65CD95AF0610A9,2331469520
0X76C1E8E91DD6E9FA0328E545EAB6EA774F53C157,2330487347
0XA786DE311BB70A2A15D9A6A3B48A1A660DE78171,2328774238
0XB31CD7F9AA848657FD8AF68513016D50956120C2,2326888701
0X29F8C7D2FDCEB4E93ED3CA2FB27A16731E9B54B9,2325815619
0X962F79BD99BEFB7F5B94D354D507C89C13ECAFCB,2325627454
0XD7094EC61467B428909576E19152269A7852D5D4,2325612079
0X325C9F9F27ACA66E4A34671495A026B23F05FC8E,2317038638
0X612F86125C2DAA3136B157FA044552F9009B86DD,2316575710
0XE284D26AB8638F1A73AC13A4F45986D5CAF6B02A,2311187557
0X7C745946B4F6155485572A5AFF1B89F4CE1D6C1C,2311126577
0XEE07E65BC130FFE045371E9B321874CFBF0BF30C,2310256646
0X1E499667050F720FBFAD485D0050670333FA9D5E,2307439909
0XEFF5AA5E81A5E763FEC8073B5649AC4363E8F58A,2307246133
0X9CB5A2F68FCEF81485D0A2918E4F945B4DFF5252,2306980258
0XA4FDB3D1D57352323D45E234C73AC3C23914ECBA,2305798096
0XB831300C9A7DE0B90659DA16AFC1B0DC05984F74,2305478070
0X24FB935343C25B459CD7235AF3D3C5ED00743C55,2305107394
0X295DC834E669EDC123EEB750F6130E147B83135A,2305036916
0X018A81AAF8B984D0F0D962580D476505D4130B94,2302038385
0X3D19A015514C18E1D9F53F809B9EE381EF04D4B1,2299806771
0X80B38ACB53FE88C04043AD47DA465594FFF7760B,2297922249
0X615CE7B0FE04414756D66429B881406CAA0ED39F,2294967017
0X1394338EB7EB27836822E2D7359DE1F8C784114F,2294715041
0X2AE19A00BC6EA4415EC45EC4CBE078696D2BCC70,2293798772
0X6AF30BD32D91FF63D70C9A0BF30DBC867C52D3F0,2292090637
0XBE34F2D07BB5506A69B6C31403D8411BA4F92398,2287231348
0X23198CCDF1513FA8F954DC2881D90C644BD53165,2284667964
0XF89D7B9C864F589BBF53A82105107622B35EAA40,2282054532
0X7F97A64DA1309579EE4210439E20582D6A3F1682,2280893006
0XF1EA7774D46EDCB9D79A0560890873BCA9111966,2279662463
0XD63C40D1EFE6BE21989519E9537C10A29ABE25EF,2278165782
0X98114FA8ED97816AE2CFBE107863ACB9D99CA3A8,2278165739
0X597C8BB6DABECBD3BAB83DFE86E209BA9C9B0D08,2272619330
0XFEB44F7CBA6FADD269D33C59CFAC6FEACDBBDE32,2270913972
0X8B94A82EAFE85EC316D0D197D8C3436032917853,2270041830
0X90DD15311F063054290F54B3F5AD78BD85C93EB3,2266674293
0X162073D3BD1D3BCE47E85EE5B9904887D1BA6E77,2266569132
0X1AECA242A4E64D09C2644F7AB6167F521E32FBD5,2265893019
0X5AB5D6E389C8E6270AF44DA45BFF737A540BA1DF,2264037727
0XB56FD28BD9023DD3EFF0FCA5637C16A8F219AD92,2263622838
0XAA5F37FBB0E3763661CD75FB7C07EB2986388F6A,2262775889
0X5E81C91FD2F95E0BB0D53FACA411DFA1CD90814D,2260836252
0X0E1E11D175F40EEBF88DF3AC5CAF4D4143B27D67,2260304953
0X762C721467975358DEF7505DEB9220F8E84C8170,2258874051
0X347113C4EC42F6610B5348E908FFEA04F7F4F651,2258742068
0X006A02B71B701E3E7027DDBE652E8DF01C39B0A6,2258248282
0X8249879578CCD82E0D82017E43799661A47885E3,2255762248
0X4AAC07FF271BCF0105C45569E16F7D2738FE1522,2253075839
0X6A888947546B66989C6492114CAC760E50F69E86,2252779227
0X17F21888278903C369D4DFF92C25CF31975D82A3,2251226768
0XCBEBE54CAE18E9A16D0EA24156031E2C9FF7FA1C,2250784638
0XE1D5A6D4E9CBDE4A39B9BA28ED81201565495573,2250738077
0X8D10F39089688AFE5143B47ABF9AF812CC8C97EF,2249959600
0X6D0F145F8802C10C393DFA86E4B6E9786BB03F13,2249582246
0XCF1B54F3E07A5C0B00561F1B58FFD0818A73D816,2249321825
0X1834FA7A4801A039B8660106C9C480A41FF9F5F8,2246965908
0X5923C2B166FFDA8E4D9AC4C4148AB4848B0F6CB6,2246499309
0X658315C7429C01144065F947D00561B99938C611,2244656360
0XB0E4E3A2FF0E3EFE8E5E2D1FF6ED3F81DC52BD47,2244014603
0X525454C39F88A1DADCF3284BE443E7F9E6224D5E,2243585291
0X8E9E6ABCA430DF33492AD2D0FCFB5C2F5BD55917,2243274061
0X7B11B2C3BB5967E0772B2F5714E4973AD9130B5B,2242793508
0XC6C52CD841C069EBF5C2E5ED16E6868E244A69D5,2242404291
0XD19B0B130DC280E8698F232D38C1436214882406,2240690927
0X36C55770804259BA523CF9B801E48D62B5007477,2240284218
0XFBDC504D9A97A559771AB599B8BCA33B2806655F,2240087947
0X927FD99FC1CC1D0DA4C421149E708A6DB193B239,2237884344
0X5D0C62E11B8E2370E26E119D8CB475D68C43F958,2236488132
0XB616DE2356128ACB522FA910D7201A7D2FF26322,2234894886
0X27963C22662CB8CAE46428794ED3FEF02088018A,2234455747
0X3AE1D13350F7E93918225BCDA0810A3A6736B433,2233590321
0XD5006715CA3400C0529056AACBA323F0467B5048,2232189570
0XD36AAC0C9676E984D72823FB662CE94D3AB5E551,2231666073
0X6F596C6D664E15B94C5D82269683C7D105F4817B,2230212276
0X39509599B290CED47654B1F89F66CAB128B28BD9,2229991929
0X46EA7808EDDC67B1B7186AB4845AB274AA8BA2AB,2229826344
0XC4D32F4320EF290C3812FE377C9FAAB552D0CCC2,2229666505
0XAB4323232FDA2E5F615A83CC333494677D12A0C6,2228026930
0X06EF9056F5E31AC0B97930077949741BD2975EA5,2226703877
0X8B69C34DEE1614188EA9A9FD024EA93E42D4A5F4,2224332555
0X68A3B687B6FF58025D1DA91D5FC54C2651038D3A,2223570231
0XAB87D9D1C908442CDED914030E7432B5F369CA79,2221782435
0X121E1573B7C6C15AA4C036D54BFD2974CF38A163,2221003850
0X647405F1156047CF9A8E7611B0CDFDC21FF3A5D6,2220637004
0XE2C79DF4643B0B885B085D216F2090B76C0B4DF5,2220390647
0X527DA15C4F92492709B9502DCC33292225A6C9A8,2218713944
0X2BB2E09FBF55BB8DF79F25CE501645E96BA61FD1,2217854877
0XBBFEB0916D7591E7C1F5FCA8C2CF669B24EF758C,2215601431
0X62E6BB112E2BD52E225833C4A05B75FDDCFAC9CC,2215282650
0XA890AC5AE70635FB10374C929D1428CCE8603E1F,2214786867
0X8767A398A4EE87BED668C96946B2DB0AF96CBB16,2214707480
0XED4D03A7A26EB7B8FECA70B8BDCC5D7DC8934D41,2213433110
0XCC10CDCE279D8166B49D47AD2128C4EAB2E079B6,2212764461
0X0D92C99C9B83DA7C3594C324436E09DC8A691A46,2209697192
0X29161E1463E72A326ABAED44CDCC1A0356371FB8,2209164074
0XFD45341E1DD1136B3DEF77BD1261CCD8A11898F8,2207388495
0X7C8564C65D866E10AC8DF3B61263C7A4E617ECA5,2207339356
0X2AAC7650FB539F4F706B7C006EBEA3607ABC3290,2206212248
0XFDBE142F637258501360D1863F979F759E1FA729,2204462090
0X35E4535B8FB48EB815429104D74B3792D0E730DB,2203955992
0X0383AD1398FBDA4DE02EF6B40D27BD3817187E97,2201662292
0X9ED3687FD6DDFD9CE205552B12E1A8A76772F928,2200279531
0X7187F8A0FDDE68E76821D28ACE2FFDC46E654C3E,2198488063
0X5D6BAEAB27282B169C2C8CAC0735849180436127,2197533239
0X0DFF98053EF265671FCFCF1D71DFDC17001454EB,2197370857
0X37EC601D12F1AB8D2B3F24CA61165E227E096725,2197352936
0X4F8545EE43F2C277144FD29F8BEAD83A9115F6CC,2197223626
0X8DDB0D66ACAB7D7712CAB1332AA45F91B0306A60,2193589997
0XFB68149C04B3F68DBE3C73A4600A0EB873100705,2193439155
0X54F687DBC64546EFFD8C0B706F8970D494D14851,2192478173
0XA0C4B565852795A3B971C3CC14297EB960BFE757,2190593540
0X9CDD6F3B3A70A9756477C8E5BAD3B1C093C208CC,2189189233
0X2A08325AD00DA971CB66A5E9E04AD3529B8F59AB,2189146872
0X9E853203B0AD5C1C3300C75DB10F1C0349C1D7DD,2187745980
0X71FB8A2431399A0DDE226FFE51485D9919BB0BB3,2187017358
0XE9AB5FBD391115FF5ADC5879AFB31EBECFD8D68A,2186217910
0X5F4DA74F14BF4E29E4B95ADB4180E8EA3D9294B9,2185670811
0X3C862FFC1481B7E0736C9D082B418519DE2E379D,2183689094
0XDB7F26F592AB144C5AA00D932983B24C47F6A48E,2183506046
0X2364AC84B30F16EAE87573DAF929DEECFFDB764D,2183474836
0XC631B2DB07BD2805C4F3880D76E6B96D3C9A7639,2182581454
0XC5167E615E5AFFF8A82F878BCCA81C660C909CCF,2181536052
0X89C44278EF87C4AB3FCCE9FB93B948EF1EEC8A96,2180706854
0XB45FF462162D321AF0918DB1C9F33C56A931D979,2180282209
0XC3BBAB1AEE865B75DCED22351CA82FF3D73D05D2,2178479946
0X3A8B2449F8C2C5498FAF60EA4C9A851BD880E9C5,2178351416
0X2605C77FD47CAEC8DFEAE7EC40C42427B131721B,2177489968
0X9BEC0BEA7EE546F2BFE2A0D9FBA22082C2DBE0CE,2176918113
0X94CDBB06D61C6D311ED5AEFB137A76A14AF0D010,2176416284
0XAC5F094A6DAE5E512F070D4D2589A1894B479C96,2175255271
0XD59CC27B4EEB2FCD937D3E7414D0767D4977AE11,2172970717
0X3DF49880E95130DE0A7F644147E77BB272456B1D,2171232422
0X2F7967668CA49A055D979CB636DE7C2B33CF200A,2167602516
0XBEA58B3D0860F4C4B6E9FB5DC1544DD5BAD62691,2167581260
0XEA11AD2AFF13848D94215D85E763029E1299A6B2,2167397685
0XA20612236AAE87DD2B930F0F344C7FC22E5583B2,2166994902
0X80B1AF4FFE5814D17E32BCE5CCB0CA46E65BB7AB,2166190160
0X5933DE4F17E37DD9AA63C1C722B58E4C6000DBCF,2165721093
0X31B22FB973E179B33622455DCC702058F5D8C92F,2164986553
0XC2F4B1BFA23D034EFB059BC7AD8A4BC199B0A11E,2164554385
0X156DEC0C2C1F714C70AD55258E92C681DD68119E,2158754445
0XB417DE924C1A242F2363B799226E714D186E94FF,2156103068
0XD10F76A657D52ADACE28314787450D1753D39F85,2155732753
0XFFEAACAD4A43C2CDA89AE466094BFB80CF070918,2155635031
0X6C3A7BB4119754DEEED05E4C6257F584B7E41C71,2155559537
0X704E3D56E7054E39CA590FCDF86A15A226519F6B,2155245376
0XD02C6F7BE2925579AD67B3BFE416EAF22D4F90A3,2155033263
0X628B43911E57D4C1210B9D97DE46D4565583386C,2154981522
0XACDE3B84C159DE78CF034B12B7642A0B6EC15572,2154731636
0X115DFA7AE25BEDC1BB5628DFB8A817AE517C5D51,2153976748
0X3431373EF9D377BFF45871D765B98F2B23BEDB16,2153131503
0X888B6FAC94BA35A538B9F9A3725AAED53133ECCA,2152044754
0XE4E7A85703629916D852E9C02839493B84BAABAE,2151793725
0XAFB9CB190B1254BF1339251CD8413F74BC8C5C51,2151737960
0X9DBFD01F03395010E65B0C816D15148D36A27690,2150864488
0X0F85B11A92FCDF58176E954B47879FC98E5339DD,2150396833
0XF002A0E3A99F7D3CE9E902FD16314ECA5B362A60,2149338741
0X3E37048113646470AAC90BF6F0A18C52D4E33322,2149212732
0X0F17AF0EBB8F5536EDAD27AD3060E6649DDCB059,2148370786
0X6B1D0C8A1587EE681A234AA383A877AE3634A51B,2147112548
0XA89B412149778A83AB1DB7FE6405E4B4B711E75D,2146692659
0XF2F40215671AD9FFC573385EABBA8EFE0E16189B,2145515535
0X1BD1983FD560E07D352904A5E411735434F1F6C0,2143611235
0XD687870D24F209F11B066CA613C4DB842983DA2F,2140870730
0X368F28F3BE887995B13589F88B7635233F9C30DB,2139616210
0X32E8D7C009DD34F4C7C8E81EF51A2FC15B0A8C5E,2138461811
0X46260D7F6D57DB1F60D6FEEDDD26EE25BC5F8EBB,2137562115
0X01D5A4043CB1AC8195EA794EFC419421D3C5FA52,2136283629
0XD9C819752DEF1C636E894BE3FF9A18E6DE09C7F8,2134551643
0X211DB282704D8B184450C123950C4F45FFA95383,2133305557
0X435DBDB38ADB606EAAE862F3A890FC459C06DDF1,2132844587
0X81F3362D83AC5CBC70DA15C34373C9066C82E12D,2132194688
0XEFB946467B77B12E167E211363847ED2E71F5AE4,2132176561
0X2CE2CCD29F67F5F482B9DD5589EB1201678F99AA,2130277092
0XCFE1E1963B29285C6A5E6DA3949C0B99485B661F,2129880975
0X7EEAADE78F5B0EEC6177EC2CE375B166746C2225,2129523720
0X5CA3C990E58CF138CCA28E4F298238006DA78AE8,2128813372
0XFD0B4044E1AC551A2E0FF34A0D56151BE869CAC7,2128436939
0X29ED7F63FF9E3AFF1847C3F7A0386E379C493FC8,2127694915
0X205EEB58292EC7ECF9D32EEC273BCCD86427EA06,2127401234
0X7400998380BAC83D95ABF2B99E7633B7F2F917F8,2126545891
0XD8894DB79D1051BC1577E454A16A75A3A48B06E1,2124827293
0XABCE815A8C09CF7CB3EE080F1E8501987839A8C6,2119977770
0X6DB6374F8B31D3EEBA68D57036765B7D7D970CEF,2118926720
0XB1F25271F9C48581BF028BC3B9527F4239B4D85E,2118523563
0X09760B795016A0126E36381939F23CF9C99C751B,2117207662
0X4546E1F688A645A2AF438FDB01FBA79A8D80352D,2116965566
0X148FF8F8C50C433B69452BFD00E78E6CEDDD3688,2112872699
0X721C7FFFE9AC426A028E616677811F755FA99EBA,2111160536
0XB5BD1631009FDFCC06AF53711F4F3BC6FFE39BA6,2111129009
0X9BD668AED96AAB9EC52A23BE401FDE0B08762BDE,2110073461
0X0731EB48A055A8C446C93FB5F424D292437A051B,2109301943
0X96B0060F2A45E7B9D4A56348F1042B06B7FD87CC,2108213260
0X3549D4A56D5E468E28DBEA6F7A613B8A5C3E8673,2107819118
0X46B4AD3A17A81C604D77E1CF674ED9C70DC1D55B,2107020908
0X1F07522C9C387F9F274D6F05F085C95F5B1BD449,2106309323
0X2C5FB5A38274DAA3FA45B1A16C7BEB2C081A5560,2105280609
0X50464543DF1069B0AE60846A02039CF392A7F22E,2104489340
0XEF133E2F9F69BEDA5433A0271E8C1B36CCEC21F8,2104252438
0XF4C3CA0885A61196B5456C95B41B7CBA238E6FDC,2103906177
0X43DAEC47E21580B46D1B32845B1A9DCA0ECB6C02,2102107007
0XCA65C9F203B039EEE8774F34E708B5F823C81626,2101384786
0X7FEF994271CE0D34CE8CB5EE2B87B07D61EDEEB3,2101079932
0X0CFF79978AC6EB467303DB26BFF769CA0367F5A3,2101075791
0XF56B2AFB329A8B007066660343DD238FEAB5FCDA,2100864514
0X15AFBD8134B2C7B3B57D421332EC805A712BA161,2100762152
0X49108DEBB9FE5D5651E52555C154AAE97183FFF5,2099862168
0XFFA7C661502DD6C663299877B5ABB34DAB64F134,2099625139
0X0469648D5D1CFBCF7F89E6D72E9CCA99E80778CA,2099373080
0X291050231BA7466BACAC5CD27801BB1D91B9DC43,2098551888
0X75DB933F690903730724498E1767BD7BBBF5A45C,2096423096
0XE3FE821A54E4F2471FE12E96C811A9E23E39B691,2095966855
0XC4E459AD1AAEBE1813940DFE720A93C3A58DB470,2095454919
0XBF56A068727340B27838E4B9C2E799BB6566748F,2095038142
0XD6896C0A04EF9C169656383A8EB6F687A25ED0AE,2093995559
0X5A76E43ED0313D05065E3D0291D14DABDF7C42FF,2093891733
0X16C8CD648612FB474FDB62C45714605EDAADFC99,2093839861
0XDE3E3E7A295866221916EF2E3771819577827178,2093156957
0X3ECD26F529F238EA01533AC05816B071D8F15D9A,2092827110
0X73CBBE45DC69E21A1AE41CB8BEC9CCD32919B8A5,2091135552
0XCDF782A89CEEB322B86909419562C57BD5A93D7C,2091135524
0XBFEFA0EACC14574D92E8FD40F11F1CF095603235,2089867834
0X74E655B9A52FFF22678A7B59C356012837D48E6B,2089675355
0XE20F3140A3758777B4239902F058288D1F43F033,2089547750
0X2A26F81253BC5178A4C0109E7D452444007CBF62,2089356424
0XA2039673EF621C890540732BD5618CD139893F7D,2089108938
0X51D32CE76ACBDA4BC433075F76E3FA138713F57F,2087900325
0XF881D20B5F865E8F1D179BFA23E5CE8CC2847257,2087718122
0X4CB50B9800F66666C4C5BA31ABFDBB88CAFC07F1,2087709354
0X486B02B86BA94CE3807816FEB73D7B52E61DB6BE,2087673525
0X6D4D1D3EFB92388FFD66A9A8D14491B97FAA6284,2085111290
0X69F07DDF94DEE501EA3AAF0965E418F7DBFF94D4,2084662251
0X5805EC51C516E3AA9907D2DBFFEA7F267B1BAA23,2084342546
0XC6337657BC414B52D0D234BDD07801A0AD952592,2082869673
0X61E0D873C91FD9094DCACA4910CB638FFE5252EB,2082752084
0X61FE90842E57D9D6719A5F90A82A0420FE537720,2082634894
0X76F602365949AF36A3535D043C2092932481A6FB,2081822347
0XE8FBF76BF056A5BBA8CC541DA51294ED98654894,2081081780
0X4A0C4EBB22A7C1F6F9D956599E75A89299DCD21C,2080796455
0XC7E3991D1D0D2D7A74046063A052E82950DB3C5E,2078214446
0XC15512CDC23ED03BC0B72BCD7738753821DC939A,2077784294
0X4B3C1C19E87746E0F3023A77F66B49FD062FBFD3,2077623803
0XD1E63B7BD0CC8EBFB0BC39A719D5C18DDFB850B8,2077538362
0X6DCA0F9327803CAC608EB2087250F6DDE68AE6E4,2077414459
0X274B39CA35FAD55820254A794C57497FE8020B7E,2077371470
0X96CC90B051FBEA853CE1E3F5A95F5D69C7BD2918,2077140716
0X724176803EC8DC099D623935ECDF47C85F0303E7,2077135211
0X670FD11E7B6682E140FAA5F960C8A1DD723D0FFB,2076212101
0X2CE24A8B1A0F044C36BCD7F6ADFE1FB0A0D9B8C0,2075955271
0X7215BC4624888378DCCD85092B847EAAB6E151CD,2075689761
0XC557BC9F81B40CD521993C2E6B0B2EE800B8F3C4,2075503753
0XDA0BB7352F6DA22E8FD451DF828B10A76F999E56,2075256578
0X35D210EBC23C43AC4754EF4585B3619628E3329F,2074307740
0X237742B27F1EE8BF3617088000C97E5A96632DFA,2074046530
0XBDD30323B543D5A7917F32C34EBFF757DAB82832,2073927944
0X3249D999E3F8BA72B9844E2419564DC0A9A9F773,2073184354
0X0AE358222ED5BD9BD73137BDCFED9319C9AD69C5,2072240185
0X2AB795049B786F0F3B101FF060705498759DDA37,2071995406
0XC32196CAF11968EA45B00B15D10E8767351B7657,2071746116
0XAE06788FCC5639F4058EF18B191E6BEBCFC15388,2070964612
0X8C325F184900A92A16B7FB820D0F2B1C7165EE7E,2070388180
0XF9E9058D42DD244683B737FD6D90A493AECADBA8,2068654300
0XD12FFEEDD07FEAFEE43C1EB023320292BAC9394E,2067562065
0XE3DA902072B35B7C14C9FDD29E60AEF536F64026,2066450231
0XA41BE648DEB4C64074233005975868490CD9A7C6,2065801439
0X2BBCF6E98A98C43748A8BBCBF37879760B538DE1,2065603587
0X3C9B42670041431B6CA0FE11D778E45C179A0642,2063479475
0XF3C81BF5CDBC9834726A201ECA01597F634E9E7D,2061985260
0X6316A23357A2E6B53D9D42BCEADB4F0729B2CCA3,2061304190
0X67B2CA7C482C50CE3898B33E984E60268B1882D1,2061291265
0XAF170E73B984050A5D4E5EB38E59A90CF9E61E8E,2061099426
0X2ED7C7A444480E1034EC069106EC767B6E834FD0,2060711555
0X278A78BE2B5A79F19E85B838A48558E2DD9A2FEC,2060597229
0XBC1BC5DF543033E01E45EA2D113B107EBC4665CD,2060106678
0X291B1212EE103E00BFECE4C22245BC96B2EA1A31,2060072257
0X663BBA87805FE26B20821994F6E8B1C76F6F89D4,2059285325
0X99B404A4D9FA5DFB1CD29BB067E2E434FBF9C5D9,2058636790
0X6EDB8B58E9C524A8EED075B0F35DEA7BBC66174E,2058025735
0XA280756513A0E99CFF06EB93C3581921585C2522,2057567536
0XF4FDCF364223FB93220D4637FE2DEE252C1F299D,2057001490
0X92B45859584CB111E0579F0BEBD2BF78F45A2373,2056681518
0X1292996E313BBDC3673887D49EEF9D30E4DEF491,2056403134
0X448E17C26FDA68E54DC33563E3AEF9799EE9D7A7,2056005296
0X1AAB1C1A6BBF4E2BE8716F7B9ADF4FFDC96B9455,2055130948
0X57AB51C38C4EDB9DA2377C0ED5C34756269A0B36,2054044302
0X50112746A0B45479554C802F9535DA6E5C71A49F,2051784219
0XC9DBBFF12F432551476B726D02B018098A97A485,2051314163
0X18ECB038DFBCF24C858357F57473E832A757A8C0,2050941150
0X617888319331FDC77C1D9CD71B001F590EAEABEE,2049748187
0XD2611238D1F3D9CE358A897D56FC084B3C803D4B,2049387320
0XBCEFD4F6156945F977C5E0EBCF42E8D843B7F4C6,2047178555
0XBE18234FE282D1796B96156AC2BC5D3490A61278,2047152211
0X17C6906DD38F918CCC70C97A6DE0FE17EF155FB1,2046817216
0X90206BC4C735B101F419A11DB17D1536216DF54D,2045301789
0XD498CFCA060A70E8F9472E81365BB2691A7D4E6B,2044556484
0X8AA112774202A15812FC6F9F12F7667089DD8024,2044410029
0X97E4723E37AC4A4F29F4D109A0B03AD5910901EC,2043483861
0XAFBF5BCA33F273B145E8DC78620ABFDE34B4DCEE,2043467121
0XC4F3B89B0D96EAF459465DE666046EE7F4472D96,2042468984
0XC9C1B4156E1FA8E6B56A5347B8A01ACDAF92F7BD,2040736385
0X3829117475054AAAE8023A70CB6F44EC1DDB070E,2040294845
0X745F98C08BBAA083E9C2504F014BCBFCF37AA641,2040192643
0X80A1814D7B01DA19F2B66C5122833FB38ED60368,2039950141
0X3C12F8242D942FB67583B5FE3B6481D16135E20F,2039591263
0X1517B61EE4067BC238C2BE5862280DCBF733592B,2038950388
0X95ED90B017D5BE1A3ED4F05DA3A575DE630CDB8D,2038892158
0XEC183890C3B04772A29091FBB98A4B4008160559,2038781757
0X6F1D910900DA43C517C17CEC68CC5DC564482D69,2038781044
0X8E9B2B3614D577E9D8C662D34EF6AA4E1F5027A6,2038745681
0X825B710D3A48DD931AD175E3CB121A81B92F5AB6,2038417658
0X6465174C09B021145CE713DFAEE1A65A087164B5,2037828272
0X9395BE5214CD91C4631031771C3CC6A60B0C7D79,2036543980
0X40FD58FCF7CB978946721C07C03421352454F8CA,2036375510
0XEC8C120E61442E10DAE4DD6E47E867C96B4910D8,2035953565
0X2CFD67B9FEB20AF821874561A7A99D63BB4207C7,2035618509
0X7160EB7DDF0ED36E7BC269CA08AEBAAB24419B28,2035297919
0X0147E150D6BCBB2150959BA4A8B16F7A9D3FEE84,2035189169
0XD944BD82C054E57AA9C2810D9A09BCE216C85927,2035103912
0X5D87A7AE59344FF099B11BEB64F9DB4AD5041C9D,2035050150
0XFC78380A72884608DAB0343CF7E2B53E167B66D4,2034910303
0X940835A935ACD498812F07918A15C5744D29A6A7,2032073070
0X4B6986C02D7A4520C015E84337C3297398F6377C,2031992290
0X3FE8CBA8C82BA3F91B396C70CF780C53E45068E3,2030963281
0X6B850A09CC6C16C0AA294E604A479A92C679E1EE,2030842772
0X3E28AFF2961D25678890B25604F25EBE82FDD369,2028572975
0X2A35EA45F23D8BEA3F8737E161FCD730A4C5910B,2028300440
0XE50D1C3068A80A5D6F2F178DF036CED15CD34C7A,2027394408
0X84F2B26128E389A6BFE41E451A24971255AAC6C3,2027204859
0XAB4C81172174ABBAF30567E2A5A3E62DCA6A4C4D,2026313366
0XB738A98B54B750842E05C77C9233351C52B0FD2E,2025585132
0XFF5A686874D8E35A490A0A0B5E070CA1DDFEED60,2024787368
0XB8B4E5C88E750C2248FAD6CCA71CE105CEDF566C,2024226163
0XB584EFDB92951198086E2B201C73006C094AF207,2024196950
0X14797C93FF324D13E9053C836AF1346C4BF2EBE7,2023562837
0XA0AD0ABFB300687D884769B3B08E0F034D0E0A9F,2023471257
0XC79565BD72FC7F12828E296DE3500D68F2BD16A7,2022670841
0X5453304D67E286FE84394C08A6915EE90CC91303,2019318623
0XFF36DA79CF472A3D0D60F95561ADCE920514630F,2019082150
0XF1E0945E133CA6779B508F283D1389D8E26293DA,2019040924
0X4A747689BF6E8E414CE38EC8D7358E8DB043B538,2019009711
0X740CA55783508F41426A327598F9D768E68A3183,2018548663
0XB3821AB318A13D0FBD3B3F5090DC1BF01BA928B6,2018185586
0XAC35316CDF9F2C44F2DD2201FCDEEA71C2359C9F,2018031139
0X3B64DE930FCA7FB66B62980AF17F4D6D008F0C3C,2018012901
0X3B30D44DF9AFFFC07A51457E18410C4CA0F90896,2017807971
0X60742B7FF34C8933EF5C3707E0B35119423D3274,2017500717
0X094C810C47E63D0E89F86C56FC90E1A381249DF1,2016990675
0X62F4093CE9BB862F29C483B4C3946E243DF7101C,2016722386
0X44CE05BF9C619783FDDDCE3C4BD8E0955A790E87,2016218001
0X165A966AF43E8242B88B0AB33AD938CC36F71CB5,2012997268
0X66B35FF174B4ECB8EE566E903CC291B2E384C6BB,2011615057
0XB413F161E817ADAE12087C5CEDDB53E45A90F9C0,2011398142
0X8E740ED558EA33D9121886D7DD0FE4523537421A,2010373855
0X4D30482E06E2F95679BC239BD087A60C0AFF78B9,2009781928
0X41EDCB800B21939B81FA1551ED62374A3A37C963,2008854676
0X97A23831614C45A8FB211FF711ED3F8BA6B612C5,2008457201
0X3FDFAC2458C1099561B3CFE76A7000AE39BEF3D2,2007535861
0X9C657BE7A981A6A6F0DA43E64506F84C04BFBD7F,2007178279
0X9EA6765EC1270F809D67AD14AC464504725E1A03,2004500606
0X3B20702D77EA3537DAD7C2AD85596BF4A82087DE,2004361590
0XA79886A38DB123BBD817B5D2EE8A549E15865578,2003533649
0XC877D4B9049B7C34DBF166131A14C9427BE2B5FF,2003442550
0X2035668241BDAED47CA1CEDBD2E3AD79944F1D28,2003036114
0X85BD115938ADDE64340C3B319731302E9A3F83CB,2002358497
0X042401BE84D6E1840D1AF1F977A4469F981007C6,2002151004
0X59E4C5819450C6F1828F6DF9FE9429D298CDD354,2002061293
0X6705F278873252D34842CE30A2B83B040FE590E6,2001458000
0XBE6B35F7F6F26B310116A5453337F83309628049,2001193666
0X8BD1EF2C5AC3237FA64E0B1F0AD2B044E5E02DE2,2000894518
0X7185CCCF4D8169D88ECE6A6EF3D418A2097D0629,1998857755
0XE7280B1F9416CA93AAEBCF51212A2D4A8CC8431B,1998702630
0XBEF86673B1C9BFB85E9EA01BBF93A856A3BCECCA,1998436381
0X7C4E4D6675DBDBFF274C3305B9946287C5FD28DE,1998103422
0X022C162FD25EB896C7E1DD3DE282BF33260723C6,1995980739
0X11DE0F0DAED60029A9121A1F6004B018E6EC0343,1995657282
0X5445F14F580876828770444CCD69AD1CF0FC4B89,1994150057
0X0B4D477D46467CB9BFE9519FC099186D3DAA9E73,1992271241
0X3650CA1809BFCB11DD2F04E4C20A7D4A83F8EDC9,1992193203
0XECB70C44D5822F7BAFA16B0206085F26DD35AECB,1991651550
0X57F787C9449473051DD9AE07B52274BB21407D6F,1989964475
0XAB44FDAD1C169EDDECD7AA5C7AB90DCF62B1DAE7,1989943270
0X527E1206073D6B616CD2692E6F45CEB70DAC4ACF,1989744986
0X018665CE0E9E1271FF57249561D361167C9C15DB,1989635362
0X34420DC8A92B0BC0832E3FB1CD8620D7E4889A1F,1987513328
0X806FB8C5A6026ECD62AB96BB6B7E70611E2EF253,1986861402
0XCF5BAC41E55273DCCC80301597A984E43EC353F2,1985548839
0XC2F583263CA737F0144DE6F65439B47CE71C3447,1984795967
0XA9183714AF315711CE55B859B88AA89353B2113A,1983650898
0X6947580D11711573FE3B69C15C70032E86A59F31,1983104350
0XD61451B9C73A4FDBAC68C246CEC478D9AA8B5195,1983065173
0X3B0F1D4E3C8D34659323C841DFB9D3338007D138,1983056117
0XC16786636898C2CAF21D0FA8F31C8CC06B1AA389,1982576040
0X92F8F96C9DAF827230CB9C735C0DA72F67126334,1981545054
0XA081C1C271FBCE298AA8BF3C8443DF0AB09E9692,1979663706
0X837A9901300312C86884902DB2BFD343A93604DC,1979529765
0XC8ECF2C7BBCCD089C43800D6DDCD186B52D48E70,1979517149
0X5A8E2876232BA00036894FB1BAF53AE89222880B,1979148984
0X787D754CAD34978F4E7F8DB4D114C1532686E53C,1978911223
0X8108755B63171F3BE7FC274828E032653BD713DC,1978208849
0X04A47785621CF971FD8814489E382BBBBAB2B5A6,1977334060
0X976EC77F060DB76760A2CAAD97242464E8BDB3B0,1976974585
0XE70B949A7B2652DEE21068F2501912D8F09F7701,1975777556
0XA5C09814074068632326028AF5166D605DBB6834,1975768012
0X44101C54822CE2D4E779B0E7A5059C78EDABEA17,1975288678
0XD7B500DA9ED774198E6CAF2EB2E0763EFADADFC1,1974600135
0X3C46C5DBE4AD3C98BDC7CEDD97B2376B497D3025,1974253697
0X60209412B50197A875234A040253BEB8EA51B999,1973584094
0X8DE5B4224F65622B6BE71E9F289C054FDEE8703B,1973559291
0X0D47E57F73C1D3A5B877ADFC54BFE84FC429D7D2,1971433929
0XFAE8C0799BE75519D18B88D4F595160336EE4A08,1971063939
0X2ADAEA8F91E66B414CD0B14780731A01B7D78B1A,1971060126
0X650B8DF13F25DC6A86418FEFA7F8EE54E9A04ED5,1968843761
0X7A4B9A0EF63E9FA5887FB6FC7A0CB9527228CD82,1968744460
0X9E1D988906C454F2080E4DE9C134C868C9F4404C,1967962905
0XAC46279D4052BB1780C4A58D59DB01547DEBD8A4,1967323899
0X9CCBF32847F82E8C1BA72DDDFE27FAC499D9F15A,1967003560
0X7E31CFD1DDC3524D79D421761AAC36A24A528A31,1966703252
0X0A462BDDCC1B333DCA1ECA698B0442EA327C61DC,1966541844
0X36B2E9617E4FA04A8C52A26A90DCF80C875E9A32,1966388193
0XE074D8B4D1A878A4E4ABAF5AA6FF876F95E86BCF,1966073003
0X70353547CFF976B670814C0CD9DEABEB51FF6A1C,1966005965
0X4B8CB038CF0567AE88FA6C9985645D3483A66D7D,1964392136
0X3C7D230FF1CFB998CDEE87D42E03AA3CE6E82B30,1964336170
0XDB1EEA65F0758362F2BDBABAE75A092D9E3E9FE2,1964309265
0X7C78DB9D7E353883A83BF6B63F63A9E8ECDD7961,1964019397
0X84CBB497FD8A229721B479BB143477D54C7C13FB,1963598256
0X6CEF48893BBD7171CE4E937D8E585AAD013A7A50,1963106058
0X6BB0317E8140C064C57150C578BD24F57816164C,1960566644
0XF2059B034C05449E32B42BAEBA4D7202F1AF8B5E,1960383253
0XBDAFAF84D170B61380EC145119BB908D6F69CB47,1959681340
0XF94BA357B0B1874F76584ED01104AFFAE4C1800B,1959211106
0X95B2A91E698970D0A027078613F9825C141F5D7B,1958889279
0XE0E894A236CAD4AE048705DDC6CA72C424D4E9C5,1957260026
0X55AF17BA691D8C98A0F4CADD883191DAEC2747D5,1954697026
0XD5973369AEF94162D6B671E2D6A7BC4752A2DAF6,1953987715
0X45B2519E92BF71D5DA9179AB40AE42EEFF90CF54,1953877265
0XB05293A1099D14DA0656DA30F7AAD459361E5B3B,1952961129
0XB3A5C06A67BBE4D25E03D82371DE18BCFDECBD6B,1951398227
0X1C15F5A367470BDA44458B3E0AD350CBE08DF0E3,1951183776
0XEC34A7657EAC149214FFDBA89662E33F23BF81AE,1951110965
