tx_sender,txn_count
E93685F3BBA03016F02BD1828BADD6195988D950,616932
4156EDBAFC5091507DE2DD2A53DED551A346F83B,297721
DFF45A3A21F00F7EDFB28816E8589C337421CC91,177210
B8FF877ED78BA520ECE21B1DE7843A8A57CA47CB,162851
C5652C0A6D088A080D69CFE6A21BEDB44F15E894,132799
F89D7B9C864F589BBF53A82105107622B35EAA40,103967
F6449018D7BB2FB3F07F7523911EAEB7AA3424A8,84513
FA65E65A6321C37486972D71B3F50400BD43F974,74879
339D413CCEFD986B1B3647A9CFA9CBBE70A30749,68480
072C6EFBD66CF86E01C36EB5DF618B0DD5BC7F04,41488
E8BF1C5750354694ED75F97B549CF570FA516725,28654
0000000000000000000000000000000000000000,27471
E4310545E143B6E44AEFA9A96F9ACA44984CB1E0,26706
C76374D53232B37AFEA67D211CF19417B4BCD21E,25867
52450A23BCA5AB334D7799A2F57EA4257584B549,25628
ECA649F0F9F95D89FA6D730D3264915329026CF2,25085
5C61EF7F2D5BB24155D49E50ED54DAE18E6DBA04,24900
5923C2B166FFDA8E4D9AC4C4148AB4848B0F6CB6,24694
D453620F515E1F0A355D1AF0F3B92F270BCCE684,24249
430EAEF7A774CE357D254FD180631D34040F8642,23367
66F543D4EC1EB7EF54A4E9348F6312C8ED5CA8BA,23367
44E62A2628363EA6640B27E5D706BD750F05B4B0,23366
05750FE6596DA77C835FC40F7EA92D36DD242722,23360
81F604EBB4754D780EACBE446B0FF2215C08B943,23358
8201B08520BD6B1BC7C9FA561FC00827342BA6FF,23353
75E3C50ABD0A0883AADB2B72DA23DF61CC49F73D,23339
E4766F567E7917130C42AA4C5DFE4F1EE4DDD859,23329
2F99842455E5A0DA720858A0A09CE9590263E412,23326
D129B66D2CED3077536AC05A9674CA4ECC22B378,22870
9FE7EDEDCD7DCF206CBE7F00BD23A6E70B398D74,21642
86FBF30C601EA8E95F1DFBB1101EFAB37AB31574,19117
5C30940A4544CA845272FE97C4A27F2ED2CD7B64,18805
879BFB0762A7096894BA82173C4C0FC7688559E4,18650
7FE2298CB869F0A34EB45C4852FBC7E930EA0A42,18645
492581C19E78E6716BEB89FF7F75F8A7DF73942D,18644
728719168C2319AAC5C5C15452A71F26A341EB56,18641
09440239C554ADC743569BF8DB4EBD5EECE3B44D,18641
583486A9DDEC78CC039C97F0E692B38A475F2484,18641
6EA3A9837D210236D8139355EB476AE35047D110,18639
D58B3BCBEDF16558BD43685FC277F513AAC4510A,18631
96D4AEF6644D4EEE042CB2C168187DA929A88C30,18622
432F040CCEE378210A5C27942C9904332864E5A5,18379
33128FA08F5E0545F4714434B53BDB5E98F62474,18376
49BAE7079EE049BCA21971E415430BEC80B62DF4,18321
483297D264EDA358492BE53157C45398AB89F68F,18257
1AC046D581A6B7E0C14F752C7B351977213BEA1C,18201
478B4C6FAC6B99D753E9CE2A0610D508E4FADCA9,18188
53E9FB844DA0B40DC6B2C38F366DFE45E7F00F57,18182
6C90B2374ABB8AE9D299B576E6C86933AD11A05E,17962
DDE3A0E55AD28420DCA42D4B67864E18E8F32956,17930
EFA074A29CBFE0B700440BBACE6A10F306628DA5,17825
609AC4888442995F557AF1830EDEE6A18EBCFE08,17811
5FE5256A5DD4E30AD3106F97AC101B1D3B4C1317,16784
C728E910F01B38C2F07191B12A84CACDA4888D9D,16035
84FC2B73D396CB921D40DAA2D3B6CA9B04E8077D,15597
178D87A69FB63308C6E9358561B0074DB348458E,15513
B8556331FD6FBC99B53D1B5B6A18427E80959AE8,15364
758A18B8E56DC720ACCB18A12065307E095E355E,15270
34505118D1BFB34BD0C836855F99C5AA5CDAE8B2,15203
B3531E89BEECC2E5D09B89B8459971D102C1CAC2,15159
E3CA2AB8CEA6011B2FB1D79009F730BA874B4276,15088
DB1422FD8D5D76F5A5C21305D223F69E16B7D14F,14821
F93CECF66A4E140AE91E240EA4E2FD1AD352EB78,14782
7A464A3B950717FB6902FEAAFCCE173EE2399E18,14562
12AC197604D9C396D8D5106C194F2053000808F8,14425
D69EECAF9A747AFF01B12DAA3F07175A3A13ABB6,14425
89D58350332F0369724DD996A4BBE6B0791CF079,14369
D3E4BDC6CDCFF041D3501DF07A97F597278EBF11,14350
DB0A67083E475B5C4BBBA5FC8CB5C52EA55CB242,13139
9728F7772F95A7346C22C831FF6BAC565662D8DA,12971
FF31EF28C8D65FBD36A098E5D7F5B4BD6A9C3CF1,12951
6B05AA85A83027E4A76F136EE395B79404707A28,12911
4DE0A0A8CE102189990243FE4F8D6D5F9131F7E2,12472
71DFAA9A741F14BE932186A3343CDA2602EAE67C,12320
E758DCF1C594E784045B7A8D05AC655F593E6B24,12300
E6C789B1FB47DBBDCDC5BA643D698F575C598178,12283
858E40A7A5D105B7C18196EE2698C39E4BDFC46A,12194
8BC579E63E9FAF5037A425D23DE1545A83D3EEAA,11701
8B74F154F7E649591C597DE4C2F9F78637035726,11696
3F6E473D9457452952026C6A77EA79A469D8BDD3,11556
2ED7C7A444480E1034EC069106EC767B6E834FD0,11233
B21661BD54D72183474218D2FD2F9BF73C8CDD7A,10784
E3707FB9671FB21FD7BCBD78B753007D61762DFD,10689
26E0CEF68FC707E5A0F1929C1D643329B0A6B612,10661
A8439D84128020744899617D0E880B972C59FAED,10062
526A56E293E1D3AF3373CA660A676BDDE726532E,10030
943BCBD12E7E42D0A14BC7C98F67F7C14967354B,10007
9C36A2F90FBAFB21FD45BE9DBA234E6DDABBEE3C,9999
F35D65E20A9D5C50C0DBE9A1D7419F21D16D402E,9988
BFBCB584C0C9025BDB69AB9A95B69058D96E6B87,9984
A9963255CBCE7E7B762DFC557D1CA7D6B9ADCC4B,9936
5059CB8C7A9D08CB6461FF0A991B714602226A9B,9832
7C4C23F93D64C836A51A09054F8A6BBD254C6312,9826
7234F86B07D1232C082B225E66A9D6682BA0CC1D,9708
5443CA36434FC9EE5A00058A455068782C1B9256,9611
4F3E10C69E35847848403010C283550916B11896,9301
09885DD7B22D9630988276AB86D19A4ED772B62C,9288
82A142BC6A5D9254A6A9D9EC08B48FF8A0EF03D7,9283
A01ACCDC31EE4FDC4A6131707F382C342B06617C,9129
2D72438AC92B87A8B0F51D3C12D7C7532C39B6A4,9123
7ED5F6D53D3E75B0B4CE9EE84B27C8B527376621,9102
77307E4E3EDBA9636DA65452316E1C9605E03006,8726
FC2B0EA4F1910833DB4FDC7ECAB54C8B93FB956F,8571
3AF30125B7A81C23BD3608645C354CD02223224D,8548
5CA7EAC6BC9EEA9FC4842DE1957D714074518562,8112
181A81E54DA038370A88B95F5B6E352C27C5BDAC,8101
5AA4BAF89CC9D2CA2403492BE529542EB50DBC5B,7997
904D2B0E2B7656F13D5CCAA714EEFFA5C69F3C87,7991
665E32B4B787637D34B8526F7618E4A441635996,7959
00DDE8EED75884F3793BF49B40DF36488D5FEF2F,7872
206F2077B9FA2C618745066046BCADAACF6BC1A7,7458
AE796FEA209C83631C26A31AEE1136BC167C5EF6,7172
3F9A5A0267CE4FF6D84C08FD5150ACB593E4523C,7088
34EA92B9D96BA4CDD51828842E29C055BBC09711,7044
8FE0314641D49E24C05983FF6F0CD94BDDBBFDD5,6907
FF54DA8535F14169C7784C6D7F0672498E9814B5,6848
47C56E70C2AF854395CE151A1329F1F12DD101D7,6726
E6822B2EA5A4BF1CA0E3967788E12494827B6C9C,6722
57A255806937783C7A7139D8B0B8E46178F50960,6656
DC84E1905DA1CC0201A54143DCCC2F6F925B74B2,6562
D99AC0681B904991169A4F398B9043781ADBE0C3,6450
FFF68ED4105E580E1465BFEB211FBABFA56284AD,6305
2318A1E395FA8C697284DB2C1C8FCD49F8840B17,6226
9EAAEE70F1AEEB76DE56B6D004332F9391723749,6141
50A06B83CA5500B3DE4638F9F3F991B9FFEEBB65,6141
30E7E868FBFB6BC621092EBB41515F66A64C51EE,6121
A244AEDEEA47CF72CFEB90C7EC39358F631701F2,6045
3C1138A7E2CA747E2945C61797B3A4F2494EA3D1,6015
4E73199CEC5D87FAF869F7736694FB8F076F9BC7,5990
D36AAC0C9676E984D72823FB662CE94D3AB5E551,5988
E743A49F04F2F77EB2D3B753AE3AD599DE8CEA84,5925
EC0C1080908E5CAF28E23CA8A46233EC9BC01419,5882
6A83071BB3EAD7B8C1A08487DDDD10C3027C4CA2,5831
92108540F63B301CD2D29A712A8514CEE0483E49,5796
A0FF77625B9A9A91B522B273CDD64D53D214A824,5773
31929E20D3FC56C2EB70D2089AC48CD663C71647,5744
C4DCEADD39DF3EDEE7EFE57E9641F13523814FAC,5739
50381F15948AE5D757B1E1D82695977B25F18814,5694
6AE08AC83FD55D1E39B4261C2A0B7A727F89B009,5677
DB454B7735E436CFF690E4C50956BC04A4B8136C,5663
ECC23ECC7364C3883F3D3539882031E281226685,5603
9120F4F75A87D63E35E4D0D0E1C8B88E7A7E1AAA,5582
384BE9298F5397484F934D87F94841740D3D0BCF,5577
6658A52627F055C8EE1813DA497256A87E283CC7,5560
304820D0F9CA2429220B4BF2EF9645D43528BC87,5530
745F98C08BBAA083E9C2504F014BCBFCF37AA641,5529
E15B97B990E10175B3781077824D8945CD374F6A,5525
4C3580B6313493EA80AC6048F57856127D4C490C,5517
CD480653C0B25D3482E8B66FFB22544907CC73EE,5507
CFA8923BB2D97F7C692AAC5ABCB9C520A5B7B1E9,5506
A379670D4D42EDD9255940C510C763AE42C1F3B9,5464
C2A1B4DBEA54FF7C3CFFB233FA1C59C6D7E2532C,5453
FA79106E9F5E62929848EE965B8FBA1EC1F93325,5450
61F53B39AFD1391EF4007B76A309CE7C284725C2,5437
2C6B8CCADD48477E9EED3E7D0CA3B08C1A6C3850,5437
0927AA917A3868A380CE2753A34D8D1EEBA6C14F,5436
BF781A0E0990707DBD9345FCECDE6DF85D3A44DF,5399
95205E1FBA8DEE07DD457558C83A6D395910570C,5388
8714517AE5EA7CED7AC09E775C5004074B4AFDFE,5368
CA7EE9EE98FE6BBCD494566F88BBCE95EBDA0C18,5332
34420DC8A92B0BC0832E3FB1CD8620D7E4889A1F,5329
131444E5E5852922074DED7B1C9D3501A8DD3DEA,5316
FE09E34E6AF59E9A38583A15B4171D9D294876E9,5308
99CB34E4291E16BC625B14332D45EDFB475ABB60,5267
7AEFCB3B1D69B845A9619428D162EE840D09E907,5262
93308EA02A0A679F1C1E5C1231BC8CD82CA90BC0,5248
C90ED68ED052CB56847E9F0E37B257977AAE5825,5245
233CACA5B80B2DE3A19DAB8B37F2CDECBD4E3E9C,5230
C990C29CFA5703535473B88E994BFAEE11A65919,5223
39AFAB21FBAF1609D9416A245D0016E9CE873DF1,5177
1BDD2A02A33C70F7E1672B83652F0E5FC1E5EAFC,5174
67D9624FC38DB3F7320BF76D726D005B209B2E45,5120
D3CF4AA1827AAF3D6FEE8D143B4A5C1C44FCEEF4,5114
7C986E7374299C9A395D60A1DEE444950B2B40A2,5113
AE0EF4CF1A1ADFDB6F890B53D838F58D63685DE7,5110
EE628D002CD1C6531FE754FEFA71919C17F28E19,5098
9E7E0D6A955E7767C54304030A0082CCBB857602,5089
1D33B02ADE50AE65839042B8679D28359995FBC8,5065
3EE2FBD0E46C3F50E048599166F23A405DA841B0,5061
FF4DA659835C3612E32FFF172556D3759933A894,5040
A8CB138501E420A6F110C840A6DF798B0E913DAC,5036
9A729AAED6D7701D45E29FA539E7AB05B27C3E78,5034
5E004DCA235E358EFE27D5BA757041685D613908,5028
A46D978D2F5C8B4A6391955AC9000E673416F8F7,5026
8C4DBAA698C9374F77057FEB8A2C99FC11869833,5023
350B6FB19432269862425D884F9B11E1AECD31DB,5002
80C67432656D59144CEFF962E8FAF8926599BCF8,4995
5DC679B2EEDF991AE0B23F6EAA333FD03880DB81,4994
B4EF9590F724565CAF344CC6AFB86DF266529CEE,4989
A12C7B86499AAF95EA3AFC734F06488DFEECF4F7,4987
B9FE1A82972326AFE4A094132617CF684A5A3D02,4986
A2D4C2CC07768A2A95930E176CB3CD62DDD103C0,4975
0543CC1FAA2B1DDEE9B1BFECB02C805DD78D5DB7,4969
78D19C44C378F47BADF7A3D508F1F1949F6A35AE,4964
B8DEBBDE1777706155482E02D095BD5CAE27242A,4957
EEE072349A531CBD66BA9FD1A6D55197A1FC022B,4948
05552F284F1BCB65403B57F17D68F626A92D7A63,4947
E4EDB277E41DC89AB076A1F049F4A3EFA700BCE8,4938
255670BE5B3237699258AD7E907783A3373A738F,4926
7A873EC0FDC07626B2451DADE2C6367A217C5BC7,4918
2557672FE5510E6C9F98C225264CB723BDE5503B,4913
9BACBE67AE0CF7200A43260CD5EFE075219B521B,4908
4329A1B070500B633288A31F73F3CE46C7361B4B,4907
6E29D5BE8E393B18BD59F01367A39716CC1437E8,4888
5E8FDD243936DE35DF07AEB1B9C470287168D463,4882
ADBEEC0E2D3844EC46A0011BAD3FA82433E6BBF7,4873
8AE85596C2A74F842FF21CFAC42AF1916B2DF203,4866
45CF70E5E2E5472BB7CBD65876ABE63029744150,4866
184B451711B7C2BB9E3622560D65CD95AF0610A9,4853
D7094EC61467B428909576E19152269A7852D5D4,4849
962F79BD99BEFB7F5B94D354D507C89C13ECAFCB,4842
B31CD7F9AA848657FD8AF68513016D50956120C2,4831
9CB5A2F68FCEF81485D0A2918E4F945B4DFF5252,4825
EFF5AA5E81A5E763FEC8073B5649AC4363E8F58A,4822
612F86125C2DAA3136B157FA044552F9009B86DD,4821
1E499667050F720FBFAD485D0050670333FA9D5E,4820
325C9F9F27ACA66E4A34671495A026B23F05FC8E,4820
7C745946B4F6155485572A5AFF1B89F4CE1D6C1C,4819
EE07E65BC130FFE045371E9B321874CFBF0BF30C,4814
24FB935343C25B459CD7235AF3D3C5ED00743C55,4809
B831300C9A7DE0B90659DA16AFC1B0DC05984F74,4804
3D19A015514C18E1D9F53F809B9EE381EF04D4B1,4797
E284D26AB8638F1A73AC13A4F45986D5CAF6B02A,4795
295DC834E669EDC123EEB750F6130E147B83135A,4790
80B38ACB53FE88C04043AD47DA465594FFF7760B,4790
1394338EB7EB27836822E2D7359DE1F8C784114F,4787
BE34F2D07BB5506A69B6C31403D8411BA4F92398,4773
6AF30BD32D91FF63D70C9A0BF30DBC867C52D3F0,4771
98114FA8ED97816AE2CFBE107863ACB9D99CA3A8,4758
D63C40D1EFE6BE21989519E9537C10A29ABE25EF,4752
FEB44F7CBA6FADD269D33C59CFAC6FEACDBBDE32,4743
E622CD7F199909CBE7E6DEF461BC50B112910FB0,4741
8B94A82EAFE85EC316D0D197D8C3436032917853,4737
90DD15311F063054290F54B3F5AD78BD85C93EB3,4730
B56FD28BD9023DD3EFF0FCA5637C16A8F219AD92,4713
006A02B71B701E3E7027DDBE652E8DF01C39B0A6,4708
1834FA7A4801A039B8660106C9C480A41FF9F5F8,4699
CBEBE54CAE18E9A16D0EA24156031E2C9FF7FA1C,4697
9E1CC320D7813364F57BA34EC9C0707E52C2D79E,4696
17F21888278903C369D4DFF92C25CF31975D82A3,4696
E1D5A6D4E9CBDE4A39B9BA28ED81201565495573,4695
5E81C91FD2F95E0BB0D53FACA411DFA1CD90814D,4694
8D10F39089688AFE5143B47ABF9AF812CC8C97EF,4693
762C721467975358DEF7505DEB9220F8E84C8170,4690
909524AC40DBD16BB8F179255C57297B8E692FEC,4687
6A888947546B66989C6492114CAC760E50F69E86,4686
CF1B54F3E07A5C0B00561F1B58FFD0818A73D816,4685
FBDC504D9A97A559771AB599B8BCA33B2806655F,4683
4AAC07FF271BCF0105C45569E16F7D2738FE1522,4683
8E9E6ABCA430DF33492AD2D0FCFB5C2F5BD55917,4683
5D0C62E11B8E2370E26E119D8CB475D68C43F958,4682
D19B0B130DC280E8698F232D38C1436214882406,4679
658315C7429C01144065F947D00561B99938C611,4675
B616DE2356128ACB522FA910D7201A7D2FF26322,4671
525454C39F88A1DADCF3284BE443E7F9E6224D5E,4669
3AE1D13350F7E93918225BCDA0810A3A6736B433,4669
36C55770804259BA523CF9B801E48D62B5007477,4666
B0E4E3A2FF0E3EFE8E5E2D1FF6ED3F81DC52BD47,4666
06EF9056F5E31AC0B97930077949741BD2975EA5,4655
AB4323232FDA2E5F615A83CC333494677D12A0C6,4651
46EA7808EDDC67B1B7186AB4845AB274AA8BA2AB,4648
39509599B290CED47654B1F89F66CAB128B28BD9,4646
AB87D9D1C908442CDED914030E7432B5F369CA79,4646
E2C79DF4643B0B885B085D216F2090B76C0B4DF5,4645
8B69C34DEE1614188EA9A9FD024EA93E42D4A5F4,4644
C4D32F4320EF290C3812FE377C9FAAB552D0CCC2,4643
68A3B687B6FF58025D1DA91D5FC54C2651038D3A,4637
2BB2E09FBF55BB8DF79F25CE501645E96BA61FD1,4635
647405F1156047CF9A8E7611B0CDFDC21FF3A5D6,4628
BBFEB0916D7591E7C1F5FCA8C2CF669B24EF758C,4628
8767A398A4EE87BED668C96946B2DB0AF96CBB16,4625
A890AC5AE70635FB10374C929D1428CCE8603E1F,4616
4F8545EE43F2C277144FD29F8BEAD83A9115F6CC,4609
29161E1463E72A326ABAED44CDCC1A0356371FB8,4605
527DA15C4F92492709B9502DCC33292225A6C9A8,4603
CC10CDCE279D8166B49D47AD2128C4EAB2E079B6,4603
FDBE142F637258501360D1863F979F759E1FA729,4600
7C8564C65D866E10AC8DF3B61263C7A4E617ECA5,4599
0D92C99C9B83DA7C3594C324436E09DC8A691A46,4597
7379E6927EBECE670CBA86D31C9EFB8CEE11DAED,4594
FD45341E1DD1136B3DEF77BD1261CCD8A11898F8,4593
2AAC7650FB539F4F706B7C006EBEA3607ABC3290,4590
8DDB0D66ACAB7D7712CAB1332AA45F91B0306A60,4589
7187F8A0FDDE68E76821D28ACE2FFDC46E654C3E,4586
A0C4B565852795A3B971C3CC14297EB960BFE757,4582
9ED3687FD6DDFD9CE205552B12E1A8A76772F928,4582
9CDD6F3B3A70A9756477C8E5BAD3B1C093C208CC,4576
5F4DA74F14BF4E29E4B95ADB4180E8EA3D9294B9,4573
C3BBAB1AEE865B75DCED22351CA82FF3D73D05D2,4570
89C44278EF87C4AB3FCCE9FB93B948EF1EEC8A96,4569
2364AC84B30F16EAE87573DAF929DEECFFDB764D,4566
94CDBB06D61C6D311ED5AEFB137A76A14AF0D010,4554
C631B2DB07BD2805C4F3880D76E6B96D3C9A7639,4553
DB7F26F592AB144C5AA00D932983B24C47F6A48E,4552
71FB8A2431399A0DDE226FFE51485D9919BB0BB3,4551
3C862FFC1481B7E0736C9D082B418519DE2E379D,4546
C5167E615E5AFFF8A82F878BCCA81C660C909CCF,4544
AC5F094A6DAE5E512F070D4D2589A1894B479C96,4543
3A8B2449F8C2C5498FAF60EA4C9A851BD880E9C5,4538
D59CC27B4EEB2FCD937D3E7414D0767D4977AE11,4535
EA11AD2AFF13848D94215D85E763029E1299A6B2,4535
9BEC0BEA7EE546F2BFE2A0D9FBA22082C2DBE0CE,4531
2605C77FD47CAEC8DFEAE7EC40C42427B131721B,4529
5933DE4F17E37DD9AA63C1C722B58E4C6000DBCF,4523
6BB76261773870DBAC2E50B571D384BDB4F11FDD,4522
80B1AF4FFE5814D17E32BCE5CCB0CA46E65BB7AB,4515
BEA58B3D0860F4C4B6E9FB5DC1544DD5BAD62691,4515
C2F4B1BFA23D034EFB059BC7AD8A4BC199B0A11E,4510
A20612236AAE87DD2B930F0F344C7FC22E5583B2,4509
628B43911E57D4C1210B9D97DE46D4565583386C,4505
704E3D56E7054E39CA590FCDF86A15A226519F6B,4503
115DFA7AE25BEDC1BB5628DFB8A817AE517C5D51,4503
FFEAACAD4A43C2CDA89AE466094BFB80CF070918,4503
ACDE3B84C159DE78CF034B12B7642A0B6EC15572,4495
3431373EF9D377BFF45871D765B98F2B23BEDB16,4494
B417DE924C1A242F2363B799226E714D186E94FF,4490
6C3A7BB4119754DEEED05E4C6257F584B7E41C71,4486
AFB9CB190B1254BF1339251CD8413F74BC8C5C51,4484
E4E7A85703629916D852E9C02839493B84BAABAE,4482
3E37048113646470AAC90BF6F0A18C52D4E33322,4480
0F85B11A92FCDF58176E954B47879FC98E5339DD,4480
F2F40215671AD9FFC573385EABBA8EFE0E16189B,4471
A89B412149778A83AB1DB7FE6405E4B4B711E75D,4470
D687870D24F209F11B066CA613C4DB842983DA2F,4468
32E8D7C009DD34F4C7C8E81EF51A2FC15B0A8C5E,4468
368F28F3BE887995B13589F88B7635233F9C30DB,4466
1BD1983FD560E07D352904A5E411735434F1F6C0,4463
EFB946467B77B12E167E211363847ED2E71F5AE4,4463
81F3362D83AC5CBC70DA15C34373C9066C82E12D,4454
205EEB58292EC7ECF9D32EEC273BCCD86427EA06,4452
7EEAADE78F5B0EEC6177EC2CE375B166746C2225,4450
ABCE815A8C09CF7CB3EE080F1E8501987839A8C6,4446
29ED7F63FF9E3AFF1847C3F7A0386E379C493FC8,4443
FD0B4044E1AC551A2E0FF34A0D56151BE869CAC7,4426
D8894DB79D1051BC1577E454A16A75A3A48B06E1,4423
CFE1E1963B29285C6A5E6DA3949C0B99485B661F,4422
7400998380BAC83D95ABF2B99E7633B7F2F917F8,4422
E3A21DE9A7A83CCD54D5F8CE5D3164E2FE2C4614,4419
239470FE7E0DE6ED608ED864FC9B61A7EF1C6590,4416
50464543DF1069B0AE60846A02039CF392A7F22E,4415
B1F25271F9C48581BF028BC3B9527F4239B4D85E,4411
148FF8F8C50C433B69452BFD00E78E6CEDDD3688,4411
09760B795016A0126E36381939F23CF9C99C751B,4411
B5BD1631009FDFCC06AF53711F4F3BC6FFE39BA6,4411
0731EB48A055A8C446C93FB5F424D292437A051B,4405
6DB6374F8B31D3EEBA68D57036765B7D7D970CEF,4404
F56B2AFB329A8B007066660343DD238FEAB5FCDA,4401
0D7D1C56ED8EB50D4D3408863006C1C2B1EFDA5E,4400
EF133E2F9F69BEDA5433A0271E8C1B36CCEC21F8,4397
49108DEBB9FE5D5651E52555C154AAE97183FFF5,4396
0469648D5D1CFBCF7F89E6D72E9CCA99E80778CA,4392
0CFF79978AC6EB467303DB26BFF769CA0367F5A3,4392
CA65C9F203B039EEE8774F34E708B5F823C81626,4384
7FEF994271CE0D34CE8CB5EE2B87B07D61EDEEB3,4380
C4E459AD1AAEBE1813940DFE720A93C3A58DB470,4380
43DAEC47E21580B46D1B32845B1A9DCA0ECB6C02,4380
FFA7C661502DD6C663299877B5ABB34DAB64F134,4376
DE3E3E7A295866221916EF2E3771819577827178,4374
BFEFA0EACC14574D92E8FD40F11F1CF095603235,4373
BF56A068727340B27838E4B9C2E799BB6566748F,4372
4CB50B9800F66666C4C5BA31ABFDBB88CAFC07F1,4372
A2039673EF621C890540732BD5618CD139893F7D,4370
291050231BA7466BACAC5CD27801BB1D91B9DC43,4367
C65DAE5C50765D46C4BE8DF43A77EFB7C8CAF904,4364
74E655B9A52FFF22678A7B59C356012837D48E6B,4364
E20F3140A3758777B4239902F058288D1F43F033,4363
61FE90842E57D9D6719A5F90A82A0420FE537720,4359
51D32CE76ACBDA4BC433075F76E3FA138713F57F,4359
199827D19C00432D907402A6CB962802B4D7F28E,4357
3ECD26F529F238EA01533AC05816B071D8F15D9A,4354
486B02B86BA94CE3807816FEB73D7B52E61DB6BE,4353
2A26F81253BC5178A4C0109E7D452444007CBF62,4352
E8FBF76BF056A5BBA8CC541DA51294ED98654894,4350
274B39CA35FAD55820254A794C57497FE8020B7E,4349
76F602365949AF36A3535D043C2092932481A6FB,4349
D1E63B7BD0CC8EBFB0BC39A719D5C18DDFB850B8,4349
724176803EC8DC099D623935ECDF47C85F0303E7,4345
96CC90B051FBEA853CE1E3F5A95F5D69C7BD2918,4344
C557BC9F81B40CD521993C2E6B0B2EE800B8F3C4,4343
C6337657BC414B52D0D234BDD07801A0AD952592,4342
3249D999E3F8BA72B9844E2419564DC0A9A9F773,4339
A6AE8542F21108A84EB065352D721E12D513F649,4337
CD847091F9D15C27D2AA3244221ED0A52804D3FF,4336
5A76E43ED0313D05065E3D0291D14DABDF7C42FF,4336
F881D20B5F865E8F1D179BFA23E5CE8CC2847257,4335
7215BC4624888378DCCD85092B847EAAB6E151CD,4333
4B3C1C19E87746E0F3023A77F66B49FD062FBFD3,4330
C32196CAF11968EA45B00B15D10E8767351B7657,4329
69F07DDF94DEE501EA3AAF0965E418F7DBFF94D4,4329
C7E3991D1D0D2D7A74046063A052E82950DB3C5E,4328
670FD11E7B6682E140FAA5F960C8A1DD723D0FFB,4326
6D4D1D3EFB92388FFD66A9A8D14491B97FAA6284,4325
A41BE648DEB4C64074233005975868490CD9A7C6,4323
35D210EBC23C43AC4754EF4585B3619628E3329F,4323
6DCA0F9327803CAC608EB2087250F6DDE68AE6E4,4316
F9E9058D42DD244683B737FD6D90A493AECADBA8,4315
3C9B42670041431B6CA0FE11D778E45C179A0642,4314
BC1BC5DF543033E01E45EA2D113B107EBC4665CD,4308
6EDB8B58E9C524A8EED075B0F35DEA7BBC66174E,4307
F3C81BF5CDBC9834726A201ECA01597F634E9E7D,4306
663BBA87805FE26B20821994F6E8B1C76F6F89D4,4305
F4FDCF364223FB93220D4637FE2DEE252C1F299D,4302
6316A23357A2E6B53D9D42BCEADB4F0729B2CCA3,4302
F352063BE1DDD2611EBB4A7AF9FF95C61DC9692A,4302
2BBCF6E98A98C43748A8BBCBF37879760B538DE1,4301
AF170E73B984050A5D4E5EB38E59A90CF9E61E8E,4300
67B2CA7C482C50CE3898B33E984E60268B1882D1,4299
99B404A4D9FA5DFB1CD29BB067E2E434FBF9C5D9,4294
A280756513A0E99CFF06EB93C3581921585C2522,4294
18ECB038DFBCF24C858357F57473E832A757A8C0,4290
291B1212EE103E00BFECE4C22245BC96B2EA1A31,4283
57AB51C38C4EDB9DA2377C0ED5C34756269A0B36,4283
278A78BE2B5A79F19E85B838A48558E2DD9A2FEC,4280
617888319331FDC77C1D9CD71B001F590EAEABEE,4275
D944BD82C054E57AA9C2810D9A09BCE216C85927,4268
C4F3B89B0D96EAF459465DE666046EE7F4472D96,4268
BE18234FE282D1796B96156AC2BC5D3490A61278,4265
3ED51541572814C55851701E2BA43B291B0344E5,4265
1AAB1C1A6BBF4E2BE8716F7B9ADF4FFDC96B9455,4264
FC78380A72884608DAB0343CF7E2B53E167B66D4,4264
97E4723E37AC4A4F29F4D109A0B03AD5910901EC,4263
8E9B2B3614D577E9D8C662D34EF6AA4E1F5027A6,4263
C9C1B4156E1FA8E6B56A5347B8A01ACDAF92F7BD,4263
1292996E313BBDC3673887D49EEF9D30E4DEF491,4261
95ED90B017D5BE1A3ED4F05DA3A575DE630CDB8D,4261
6465174C09B021145CE713DFAEE1A65A087164B5,4260
C9DBBFF12F432551476B726D02B018098A97A485,4259
825B710D3A48DD931AD175E3CB121A81B92F5AB6,4259
40FD58FCF7CB978946721C07C03421352454F8CA,4257
D498CFCA060A70E8F9472E81365BB2691A7D4E6B,4255
17C6906DD38F918CCC70C97A6DE0FE17EF155FB1,4253
9395BE5214CD91C4631031771C3CC6A60B0C7D79,4253
AFBF5BCA33F273B145E8DC78620ABFDE34B4DCEE,4252
5D87A7AE59344FF099B11BEB64F9DB4AD5041C9D,4251
3C12F8242D942FB67583B5FE3B6481D16135E20F,4249
80A1814D7B01DA19F2B66C5122833FB38ED60368,4249
1517B61EE4067BC238C2BE5862280DCBF733592B,4246
8AA112774202A15812FC6F9F12F7667089DD8024,4245
6F1D910900DA43C517C17CEC68CC5DC564482D69,4243
3FE8CBA8C82BA3F91B396C70CF780C53E45068E3,4241
B738A98B54B750842E05C77C9233351C52B0FD2E,4239
3E1717A7320918228EC54B8DFA2CE0FD6DBCFDB2,4238
2CFD67B9FEB20AF821874561A7A99D63BB4207C7,4235
3E28AFF2961D25678890B25604F25EBE82FDD369,4235
14797C93FF324D13E9053C836AF1346C4BF2EBE7,4229
6B850A09CC6C16C0AA294E604A479A92C679E1EE,4229
CAD16A429344D5CAD94A9F0DB6483CAB7AD92429,4228
C79565BD72FC7F12828E296DE3500D68F2BD16A7,4226
AB4C81172174ABBAF30567E2A5A3E62DCA6A4C4D,4218
B3821AB318A13D0FBD3B3F5090DC1BF01BA928B6,4216
740CA55783508F41426A327598F9D768E68A3183,4212
84F2B26128E389A6BFE41E451A24971255AAC6C3,4211
E50D1C3068A80A5D6F2F178DF036CED15CD34C7A,4210
60742B7FF34C8933EF5C3707E0B35119423D3274,4210
B584EFDB92951198086E2B201C73006C094AF207,4208
165A966AF43E8242B88B0AB33AD938CC36F71CB5,4208
4D30482E06E2F95679BC239BD087A60C0AFF78B9,4206
8E740ED558EA33D9121886D7DD0FE4523537421A,4205
44CE05BF9C619783FDDDCE3C4BD8E0955A790E87,4202
AC35316CDF9F2C44F2DD2201FCDEEA71C2359C9F,4202
5453304D67E286FE84394C08A6915EE90CC91303,4201
F1E0945E133CA6779B508F283D1389D8E26293DA,4201
C2A0D29E651E2B470EB5D13C65900061886CF5B9,4198
042401BE84D6E1840D1AF1F977A4469F981007C6,4197
41EDCB800B21939B81FA1551ED62374A3A37C963,4196
3B20702D77EA3537DAD7C2AD85596BF4A82087DE,4195
51273A1E1687847C04F78C33EB8289984E93FB7F,4194
4A747689BF6E8E414CE38EC8D7358E8DB043B538,4189
85BD115938ADDE64340C3B319731302E9A3F83CB,4186
66B35FF174B4ECB8EE566E903CC291B2E384C6BB,4182
7185CCCF4D8169D88ECE6A6EF3D418A2097D0629,4181
9EA6765EC1270F809D67AD14AC464504725E1A03,4176
BE6B35F7F6F26B310116A5453337F83309628049,4172
8BD1EF2C5AC3237FA64E0B1F0AD2B044E5E02DE2,4171
7C4E4D6675DBDBFF274C3305B9946287C5FD28DE,4169
A79886A38DB123BBD817B5D2EE8A549E15865578,4167
2035668241BDAED47CA1CEDBD2E3AD79944F1D28,4162
11DE0F0DAED60029A9121A1F6004B018E6EC0343,4162
59E4C5819450C6F1828F6DF9FE9429D298CDD354,4162
5445F14F580876828770444CCD69AD1CF0FC4B89,4158
6705F278873252D34842CE30A2B83B040FE590E6,4156
57F787C9449473051DD9AE07B52274BB21407D6F,4154
BEF86673B1C9BFB85E9EA01BBF93A856A3BCECCA,4154
806FB8C5A6026ECD62AB96BB6B7E70611E2EF253,4152
C2F583263CA737F0144DE6F65439B47CE71C3447,4149
ECB70C44D5822F7BAFA16B0206085F26DD35AECB,4149
3650CA1809BFCB11DD2F04E4C20A7D4A83F8EDC9,4147
018665CE0E9E1271FF57249561D361167C9C15DB,4140
C16786636898C2CAF21D0FA8F31C8CC06B1AA389,4139
92F8F96C9DAF827230CB9C735C0DA72F67126334,4139
8108755B63171F3BE7FC274828E032653BD713DC,4138
841B7ABCE55CC698BCFB4F5854DE6F04364A0895,4131
D61451B9C73A4FDBAC68C246CEC478D9AA8B5195,4129
E70B949A7B2652DEE21068F2501912D8F09F7701,4129
44101C54822CE2D4E779B0E7A5059C78EDABEA17,4128
C8ECF2C7BBCCD089C43800D6DDCD186B52D48E70,4124
0D47E57F73C1D3A5B877ADFC54BFE84FC429D7D2,4121
2ADAEA8F91E66B414CD0B14780731A01B7D78B1A,4121
8DE5B4224F65622B6BE71E9F289C054FDEE8703B,4121
650B8DF13F25DC6A86418FEFA7F8EE54E9A04ED5,4120
976EC77F060DB76760A2CAAD97242464E8BDB3B0,4117
5A8E2876232BA00036894FB1BAF53AE89222880B,4114
9E1D988906C454F2080E4DE9C134C868C9F4404C,4113
9CCBF32847F82E8C1BA72DDDFE27FAC499D9F15A,4113
36B2E9617E4FA04A8C52A26A90DCF80C875E9A32,4111
0A462BDDCC1B333DCA1ECA698B0442EA327C61DC,4109
7A4B9A0EF63E9FA5887FB6FC7A0CB9527228CD82,4107
F94BA357B0B1874F76584ED01104AFFAE4C1800B,4106
E074D8B4D1A878A4E4ABAF5AA6FF876F95E86BCF,4103
7C78DB9D7E353883A83BF6B63F63A9E8ECDD7961,4102
EEC8EE9D58718B4373DC8F2470D95A5A828EDDAD,4101
F0C6AB480BA2E264E788F194589963950E544487,4101
6CEF48893BBD7171CE4E937D8E585AAD013A7A50,4101
FAE8C0799BE75519D18B88D4F595160336EE4A08,4097
DB1EEA65F0758362F2BDBABAE75A092D9E3E9FE2,4096
AC46279D4052BB1780C4A58D59DB01547DEBD8A4,4093
60209412B50197A875234A040253BEB8EA51B999,4092
70353547CFF976B670814C0CD9DEABEB51FF6A1C,4091
45B2519E92BF71D5DA9179AB40AE42EEFF90CF54,4088
DD19AA728696B0CFC191F4FFE2B93B96F7E10668,4085
B05293A1099D14DA0656DA30F7AAD459361E5B3B,4084
84CBB497FD8A229721B479BB143477D54C7C13FB,4084
F42F5FF2A8461A5704A0872A4689A2F2D70DFB5E,4082
3C7D230FF1CFB998CDEE87D42E03AA3CE6E82B30,4080
DD5A0AC9C24F6243953292628E9242C1FEE6E706,4078
B863B942D4E415C4861D257C9CC4C14F4E723B30,4077
55AF17BA691D8C98A0F4CADD883191DAEC2747D5,4074
AE95EC352DB3453ED6B0F617AFED84D8448C062F,4074
CB67F1E03F2D929631AE1E4733C6C43CA2697C3C,4073
F7A8DC86103755E385860B752EF15C48348E8217,4072
E22BDA919BE2DA295A53615A64D0FD1E665ED9D1,4072
98DAB8C563CEC772F059892F5707158922124AF0,4071
1C15F5A367470BDA44458B3E0AD350CBE08DF0E3,4070
2316ABF0EA09BD1E283A913286A74053F5FF3524,4069
FA0A3FEAC108F0C3800D342F81278ADE34FEAE56,4063
D5973369AEF94162D6B671E2D6A7BC4752A2DAF6,4061
1787141AE416156DBE9514557B05A85EB287FEB9,4058
6432F96A300B709DE93759AEC730367EF0518845,4058
31E9213DEDA11A0129848030DEB4A1B6560908F2,4057
1816B44B1A047FE7025E2CEF8ED2B667C8435E77,4055
243375F7EEFB39BE0DB859B5616CBF5F86F8B88A,4054
43404D02ACF05CFC14072927A04BA367BBA92DA2,4051
B902BED152C9AE9B4C24BAA17FDFD8D342110205,4048
501883DBC919A2EEA5390B2AC776858D9F5ADA74,4046
FA1EB7FAD43F156925153E2C876210EB4283E65A,4046
AEC63FE28EE9AE25B7DB319B97C7D21AB0457E68,4045
8BA3C7F91205F947BF7E71EF33D30C53FEC9FD65,4044
8CD313932C9BF2454B8D4C66C190D0C9040E084F,4041
94BF8364D76A99D6A2CD882AC3740AADDB64F92D,4040
C4220F46BA62B5C034A02CE5DDC17ADE4B9F6CC7,4039
0B0A1A482AE9E844B49C70C034AF006F4A205ADF,4037
FFE26C8B1E11E0FD5DA8F04B755E9E1E22E95BD7,4037
D2A18DE44B3A28F9393E206822DACAF28DE44A8E,4033
ED7E0646731CFC5BF379E3055F0609F1FDB79734,4030
E079E4A3A9D0088A6B4C593827BFF04ECA4B1149,4030
544CC79B6FE7A6FA519A181F94DBF8026820AF5A,4028
1546A672E0A4882CE7C9BE2F4AB5BDACE3BF656C,4028
14F2937295529957819FA879576AFDAC66DD7AED,4025
6FBD81724A848463636CC032454DF2CED4BCB4F3,4024
8C4FC1D854BD531A2BAC4ECC9F9CB5396D08EF16,4024
9ACD208618FC118D6B8B849E0436A475DD902F82,4023
8108808BFA924CAFCB3496AADB60D2A7CA0EC357,4022
346349BF2599B15A7263EFA27910C225B819C205,4020
0E9BFF4ADADF160F80B10AB08C1151C6A4CAF529,4019
42FA0F699BC895768179B07DEC937C72073A088C,4018
6D3E6A9A3BCBF00BCAA87EB6BBCDA2542060FBDC,4017
6A0EF588794B54824A71082774865DB92FD9D27E,4017
AACECC754C8D448BDFC8877E03A02E98050134C9,4014
B58039E52462F237A4AC0BD1F987F808FFBED32C,4012
ED2B92CB8E180582CAFE6D50B6FCDFC2818EDF8D,4012
856E8DBEFB852EA0C67224F190AD5072C26D2C72,4011
7026660353A2C88AB5EB1853193B5A8927C59C90,4009
9D9AFE6BC237B0EA685ADB68EA6877797F29E671,4008
91875FD2E5118D592B78128CB5E2F794214CA717,4008
5A42BA6944E190C91CD4F0953AC0221EDD28C26B,4008
2BB7E4A9998F211CBE557BBC938D6569B734D4FA,4007
25CBCD9FD9F77CBCA522F0F7C4A73D9DC3A45110,4007
9F6B90543037CB311FC8B3997C8DA9315BE84680,4006
59232B964EBCF3CD36FDF43C26E1DA966601B9B4,4005
B923ADCD8C53A3C34BB08979A2564D0A5C6BB28D,4005
1C0D17183155A00CA7FD73E990BFAD887EB5F048,4003
41311CF64B89CF390A67235891D91A0DD6D12107,4002
607AF07A31725331F8B0743A1EA9098ADDF6662E,4002
CEB743B90605FE0DC85070EAFC524AA796D234E8,4000
73AEA1BB01AA1A944F36B053EC8FCE7030ED38F2,3997
E84B6A66B79C69B3E78F473DC108A7DB63B929F7,3996
D2D22AA3FA1C0C48093F04DC17C94F6C53E72DF5,3995
E30BD56B436549994A249FF28DD4E451B3C1689F,3995
7E4731D16CE68EB7383E3B9ECC185CFF975275BA,3995
11B57014EF8FB44A2BC67C8E5D95F666981EC0FC,3995
BC98C70F8CFCC4F197A4F89B92B145EC98510A5C,3994
D50FDF03D2B6EA8B93621D4304142386685D312A,3994
9BA01DC4E5DE13257E9DFD01FA68132B41D1E766,3990
20FF9E142E188D0CF5BE0B644A3A687D1B7CA604,3989
143D7081E1B73AAF298E0CDA9BA28AECA2890200,3986
EF2F5D638CFBB74152B013BE37CBF9D06EC85A4C,3980
171CD382A0DE9B1CC247AD810CFFF0332ED0F3E5,3978
75BBAF421ACB92E102E85A9FDC6845A46E9DFF94,3978
FADB4230E59245228C3EB3FEAFE106093E10B51D,3978
A3287B7BD28672936B9912A899C5496F0B59EF24,3976
4D626888DF91E06DECC35EB60BB2CEA156782A68,3975
C9C351C4AA2E24B0A7B73E873548744BAD482F60,3974
63804EFF0952A0973DDC600FA2F2F3F0AA31C314,3974
91A16D6468C1C357CA1522D3F310C53EDC7DF6B5,3972
A1E3F0DF2C0F1CFDA59AA46EAADE807A4A5B6B43,3971
0B8709D3A3183826FFEE6E072A243463A60E4AB0,3970
EE9119D4490AA6C813801B93DEB2C862D4596C5F,3968
2BEEB4B18C0434A6F236C6271FFF2B484A1DB7F7,3967
EE140D1DD086D3EB49E185C0D7D290B5848051D9,3967
C5FAD459850F6E5037597F6A45BBC9510AA577EE,3966
AEF3F6D4E1D902AD036FC25873ABF599307C298A,3964
8F03ED091F9B5520EDBF9E3429F8A5435967B7B2,3962
01F81945C459F80CCE972BFEE0AD56C4F702EF7C,3961
FD97098BAC2EA76E1D1C39EA32B0C5B023FE761E,3960
A8F46C985971F1E0B462BE63539BEEDDC365C8A3,3958
ACB5791D96B8EB74D34766A11E7419D83E33CDB4,3957
33525F8DF334D91C0F114640BE077FEBBEB2410B,3953
5A8670A4317AB8843AA1E5306AF6540B756F1783,3953
C08DAB5C8CCF7AC5F5D23695A84968DE70154B59,3951
6D7981F1C7FE4824F4EE0D75A867D42F5BC26253,3950
875009135A4BA98F30129EBB31DA43E91D791DDE,3949
2676525F43656DAF3653548AFCD5D3250A1DDB5F,3946
43AAB6A7275775B410B085BD4ACC5880DCE17BE6,3945
C44CA698C45372759782B4867AE22E892F4F35FD,3944
25C2C192269DFBF528D80063C6267B54EF37CEF2,3943
DDEDAC228609893CE83E54A8C60B42DCB90FA39D,3942
B983A5DFA956547B82D6E46E1815B0B19992FC06,3942
614B8E8BDA95961154B3D7EF950B4F128F4164AB,3940
DD01665F27B3E08DCDA598DFB7646852AF279768,3937
4EDF060564235E4268B300F4CD492E561216B7A2,3936
0A3BB9E66A2EC157268F77DE93813C9D838CB109,3935
C1DE03CD989BFDF688D121E2CA2623E4F4ADCCFB,3932
48AA21FB23B877A7E2F6D61D6AF9F3E11EF4A106,3932
2F8306AD45AF88596A1FED9B877B0245FAC5292B,3929
B76C1F7A23433DEAC0AA6CCD796F534C61032EEF,3927
DC32D2C25AEB6F34FF3C46F9BB93A8AFF4E9B851,3927
7266CD16BAD202D4714C1A9E8177BA5C6CA568BE,3926
AA629CE925B147A45B4E97A70A1E175148C3445E,3926
EF2CD6D88368F678002E1DA6B9C00544AA49EA0E,3924
33DB080E01523EA7EC66FD673332CBCD132D0ABD,3923
3C5AB1FA39BEA9065EC08CC30283D84B349B69FC,3922
6FF6E67BBFCD5FA2D7E508767226FD672E98332A,3921
89EB0CD109DFF2DC324787C9E53F1F097591133D,3918
C20FDB7DB96422906F24F2718799F66EDC708ACE,3916
FE06212B003CCA00F1E46322DC8F4F3E5E930095,3914
F766CDE51F1F91717E8572C98F8A8E08654089A3,3909
C55B658BDAF944EFF9D7CF1918CAC88329D035C8,3908
AEDC0357B28920D8CA2D9F1ED6F07E4A79A2D907,3907
29F68C14ADDB1A7847DBAB0DFC9FCA9D2D763AB9,3906
6DF362AF8A64D8C0CF44238D07A60B6946C5D7F3,3905
6FBE99FB3FDBAC9983EEB510B555B9FDBECFB917,3905
C820ED62C03A5AF5252369AB187A77F6A614881E,3903
7A20AA306B347E09BD86A81EE892B628A7A64A4E,3902
F2F1CB4F9464B5F294421425D57447E7A2751B44,3901
7840BBC6D02BE772FDEBEA622FC7AE6FAB8E0851,3898
FBF8A62ED7032CAB18EED60F8BFFFD8E50CE3A66,3896
48DE95AAA01406920999FF215FA18F12346978D4,3895
16886504E7CE13D1B908395AE82990760CB6FECC,3895
A4C1AFFE91563AA831D49394C1508FC984DD116D,3893
053EBA4A11684E90BDFA7AA08F029696CCAEF0C7,3892
D5B96822AF4A5109043243B3CBE7E502252151A7,3891
210140F0CB04787BD6004DAD0334C0662C230195,3891
AF613C3B670F7597BBA602BDDEEEC2C039A45BDC,3890
D95A5BF6A81F15F7D10239241B3A66DA83B8D2D9,3890
3FFB7372BA29E7231DAFDDBF15FC9071D1A729CE,3890
33EACD1EF93537EA4C754B3016229B28566F1FC7,3886
D7C7DFBB49CCB719533C28808C35974B1A283597,3884
E46935EA831892EE395C3F53999C89737485F2F2,3883
66E2E95FB07D7EA51316ED0311ECA070756AAFD4,3882
B277C6A90AC6A54D4891C60ADA45F3732872CE96,3876
F2287978378799DA409C2F831AA53552DDE03D46,3875
E7C8D1EF1BE2A2B7FEE80E984E9E17CEE4D89132,3875
852E258AB6AF8390AE120E1FF64C7D314DA0542A,3874
05AED312FA52E82A1CD77E6B93CA60C9529AD1EF,3870
5DE480336ED0FA4957397B67DE4C7ED6DDAE443D,3869
D9AD4C09A3A2AF36493E447FD371BDC0BE1F0249,3868
8052384D7AEF3B33842F7CE4787AE09B08FBF626,3867
B65E4029B9B37B98E121B664C4E05920FB765752,3864
7CAFEB29ECD5C9110FF0A4D35523497372CBE93C,3863
B24FF7A6144CABEAA490D5B3B5704F9AEB39E9A7,3862
4DBA655DABE42C342D9DF91A07A41A1202241B0D,3860
FB0A4F9419730B7746FBD1628D81B889C10165B7,3860
4851C1C1ABF7E70C377CB3C0D53ABAB111A0C510,3857
D0A0C6B4A7DBFF2282A70CA6AD8A02D558A04F06,3856
D1E9B1140EAC0516E6E199137B40896B24E42E86,3856
2442DEC8C1B253E6C389214256350201C92F2B76,3855
576102BDC28D6AAFC5D310055C1F9D06F1083366,3852
6F9B3F84A1A67D41F57594EBCD0DFECEE34839CA,3849
7CBBD08DD912BE0FF04272F26F84C17E8F0B9B8B,3849
8D629E623BC6F4769806DF839D0E20999E995125,3848
32B2ED1B441C9BAE6F3935E98299F255D388335C,3847
2B5B7AEAA92B55DAD87F5A505A0AC33065995E01,3840
B026FE1A6AB6EA35D55702B511010C5145946D52,3838
6C0E9697953A357C858FE932C0556D2D1C70CD09,3835
F5DA782D736D8C42A16CF922D9E603FBCC23FF4C,3834
762F0054D89DB02713C24D1FDC9F8A08A815FF66,3834
BEDC8B8EB2DE54006D93FE1FEB088E840086021A,3831
9372E7FDA6F5455F5758FA1BAAAD05BBCDE1190E,3830
2DCC82EBCFB8C7E7AFCAE5F4789F4527AD082264,3830
25C39F51AA16157371EBBFC14C9FE68C78D3B444,3830
D4BE72EE07A87E41A301BFCDB8A1431E65B288D8,3829
2610615487E74796F801C2DF0FA9174A9E2EB7B6,3829
E78CCBA68B1521800B1EAA26CD955EA452A27867,3826
8138685A9C8C929D03F08EF2C90ED648BC9A32A0,3825
DEE8FD2F9FB84CF9A66C14A3F71EDF1766D6897F,3824
0BE627CCCDDCAF0676ADD07057340332443EAA57,3824
BACF81E8138BE5EE7A2DB47F904E38862AEE37A1,3823
67EFAC7C41125BF2BC75B1C669BB640D46847290,3823
13B3FF6F1D996EAF36022EA2A92669E1371E46D7,3820
A8B28EA214DCE466DEAA5043AA04CC67DC56925A,3818
0B3469A49DB49D0573203274F22AA22FDA64C0D3,3817
67AAB3AE63469DF824981D57C9C03E98DC2B7E71,3817
05BFA524A96E1A6FF7834095BE4131525395B9E3,3816
B8FD68F7D1A047BED50D45B5C24386BAD8A11C56,3815
209F4C1C470D226E12C154A67923F289878B8405,3814
8C756273FBD7795835EDA2C84575695CE37F6445,3814
C35EF899C5D01DBD928A1C1DFE23D37D032A3CE4,3813
5AAD5DF4242EB03AFAB29236BC03247041169F6C,3813
5E2F58D5AF6C11DF1F15A286ADA767DFF66A7A55,3813
5982AFACE6DF21E0E21746880D994AE5FFDAD1E5,3810
E83B2C6F1D2BBAE8C046260FD9F5D80D18B2503B,3809
D8DCB97D0AE2608D2F01884E453EB800D584F4EB,3807
BA4D47C89202477419B1989A4749C2611680C304,3806
D0745685A4FA248EA947A4D06775ABD071D4E331,3805
7C052D071FDABFE75E51386DBA56DB9F2C84912F,3804
CCD642EF79D8EDC9E25D38DFA511EB0C997C9A91,3803
BD48D0466D5A5148B91CDC8B54197F6A6A5A1A9C,3803
FD37F593758B53F94E4FC9A4D722179F59566414,3802
BD1E653387E9011D0BDE8C4AEB7AA1EB0F1E92D2,3801
1CEDA7BF741C28236880A5A18C5D1E70A9D39A00,3798
24BD3E6B8ED047541862204B993B12EC573ECBBB,3796
1EACEF97233D623A9621AC42BBE79AA34B2E2E65,3793
7C5268671C7F3363E68442D599A574139164B7E2,3792
B2E4392A49670874855AEDFA7A0A28F8D98A4A34,3792
814F70F6588F68C99A25BF9877F2C9547DB6CAED,3790
235FF9C212C65AD7B59DE5C6D5A48EEC973526ED,3789
C3D906764AAB1DB261506A1E67C7C441C9B06B2B,3789
1FA4F514939E1CD95FB2E9585E1C9FBA20C6BF01,3789
9295D9ACC57AAEFC5F36D41E0A6C008FE0BB3E3A,3787
F970FADCF54CDB1897CAD075A4597FE634598899,3786
FA58732CC21C2CBB38C8BB9541A6829F379E0C96,3786
EC94485E5C617D4436323EDFF75CF2A87375AE2E,3785
A3ABDD5E63E31E6A7E966B1FD63CAADA4DCFC19E,3784
F18843CE8179BEA0C63954ECD0FED28A91E1FC96,3782
E6A4DE6FB07CF604DF023E1BD1341CC9C2EAD97E,3782
D3211A2B3085A12986963875FFCFD956AF787324,3781
B5B2FBFDFFADADC1B61C8B72398AFA12EAA3A652,3777
534D4F9318458E68A41C3BA66B0605443ADCEDF9,3776
1043E289D5B33754689C0B638870808301A7329D,3774
EEC105F527D4B95597E14BA0BA859D7D242AA766,3771
590E376F0887A9F621A5427EDA06EE094C008315,3767
F070DFA4A97553AE7D28579E836F2D5E0C95CF35,3765
031FDB317A810A60F7DFA84E672501F255EF16E6,3765
B5A87EFE9964D07349D3F8DFDEAADC823EEE4B43,3763
15D39CDB10DB733831F9B35C8DDE3583FE2E81F0,3762
295AD8287DE85A8F6369DCACDD0F2DF29ABD7061,3762
6C79018C889CF8E9A5FF352E3335C5BDE6D93549,3761
21E663604C8EA78C59A890FDD939AC0057A956D8,3755
C0476CC9C3B92985676E43F4D34D66993B4B7656,3754
355543069F15A87D8EB84F53A9F2883DD4DEB47F,3753
31CA572A1821B7D416F16020E244565D3268E8A9,3746
D938C9D3FF763FBC4A38C52771DF19A683D3CC03,3744
34DA0FECED5AC6C890BB7CA07AFE4A8954112D3C,3744
C58523D2AE9A8D227F5BFD277F17827144A36927,3743
C6C28209FC2B70DA986A647C5E8A0736607468C7,3743
C00C06431666C5330B2991985916E4866A62E25F,3740
1DFFE75006FF6DCAA6EDC90FC8771CF7A2B45AE7,3737
50B47538EC2E0F279F613DA0631FFF3D03036BD2,3736
979999E5A06B1C4417DECF4F8E9FCBB1131EEBB5,3736
5B981C0CF8225CD876F7977ADA2379509604175E,3736
D4D6E35DCB615FF7ED26CDA3929AD15DF21D0F51,3733
135EA249C52F3BECAD834010B6C4CA629547C163,3731
3E9E02F22AAF1047452543D09E6285441383776A,3730
5D43B30DC686C8BC0452ABC94975550A9B154C10,3729
D7FE812AAA0B14998CF02112D1E2DA5FAC849591,3728
985E2C274037E80D51F1623D3E6A724D5223490B,3722
6754CDD77B47D69D01658103611E1B17CAAB2947,3722
CAB0471A46965683896303589A05B590D4AD634E,3721
42AFEFCA6FECE653F4902C8F10BF7A591CDD153B,3719
D6448488798DBCF4A52FF3D06A61F12FE161690B,3718
0EC4CD7037D04EB98951067DB7BAF0A7230D4BED,3717
D6B2D4780EF65D5D553949F1F3AE4270EA27531E,3717
45390C5EAC6BF42051F0548290E6FD145A996372,3716
C883BEBC95520DDB526AC5AA18C7B0399E185EFA,3715
813F159DE9DDA1F2CA1FD5948DDB9AC14A113B92,3712
712FFBD8FBA9C099F2776421AD34C253C51D020B,3711
5DE1F2CB91865214DF72044895EC3F7F57AFBC12,3710
2B3A28CCE3DBB41DD2D4F61FDE16835BC47CD85A,3707
0753CAF528D6AAA80B0C38555A6260EE0B8B5842,3706
46ACDF5B746BFD22C894EF7A7CC7D8C899B383F4,3705
03444344D6C9E94BFDED5A76A6F59DAF2296BC82,3703
DA6D9625C87920402982013A12FA1640E853D38F,3703
E791703AD01A8757BADE073245E00357375B67B5,3703
40C3CD2FFB723E6D442576977E018E9817412E7B,3703
9C84FEFE6DDE80D2F0159710CB50F88910EE8F69,3702
A2A3006E4AA9DD1C44C1EF12AFCD075F729FB8CE,3702
023173099EB365043B6293FD8837B22B890488EF,3700
DA44069771A3225C07A1C9E61BCD63495284E33A,3699
ABF28D5D03807E5A386B54DF748D60E350918FE0,3698
0DF43EEF25DD9FB82F3FCBED00CBAD344102F3EF,3698
70DEB694D8D95378448E7692F4205973CB25A6BB,3697
E897778E69B688A55F81DFD3036957BEB4C3B703,3697
CBC8B69671B32569B4D20F437AF47D63E85D46C3,3697
1C9EC8AE938BBA26075D8E6E7DBFF1B833928039,3695
877C06E68B32FEC429F150DA3D270A5BC6B738BF,3694
BA5D4414D3A02492BCD31BBB13CBC5C9359AC9D3,3694
398AD17928FD421DEDD993734CD00EBA43705DBB,3693
673254B0B456C548E70DE1F76241732057744868,3693
95FA04BE10A369464C32E4FE4C8B22816E1EF026,3692
6211907E09D97BED0CECFFB7F47AC6346078CCA0,3692
21F3926768C0BB7F6C1F954288B1062B3E5C62B8,3689
21C9747B8A417EBE91261071C8A332C66AF4079E,3688
FEC93636246A7BAECD8092C1220CA0C7013FC4CC,3687
9517A4D7D4F3772A69EFA515A50738BBDC62F411,3686
2CCEBF9367BE893C66D64CC9E292386C9101F5E7,3685
6858A7720D5979D104E78FAE647FB3157DE56D1F,3685
3923AB1FC9EAF3844AD49E1AE9E2C32083E7BA7E,3685
33C03456D39D22AAC0B4146E010664ACF92A9D1B,3683
6C75DE2D1C82AAD15210CD443F53570B3C95EAE9,3683
8F07B8DE73A1A69C1EFDE8BDFB29743940B82BC1,3683
B6BE79D7FFE0940A6847128F98113D7A69DC50BA,3680
3EAC69D512AE016AB8675CFA9B887EAEECF59A2E,3679
02AD299A8305BB40D2603E752BA8D20AD26E0046,3676
F68F3DF09F387D767D022D2089D1740E215B696C,3676
81771FE4637B9E4709078F2C5DADD8E6B5A1A7A7,3675
6E9BD7208A438AA50191794F7251BE49D72B3E91,3674
C4FEECE3F990B6F1E7777BEE3F1216659F96F87A,3674
D5C23FD33A4FDB99BF795C2A269156152B553273,3674
F28F33F90299C58EB5017F1DFFE39E93D7718DA2,3672
5339AB3DF640CA2F6BF29418A1191BBFE0D1B439,3671
5871B2FA5EFEA996ADF241AB68A83C408FDB49F2,3671
081BB352DC697D48EF463B6074E3E423833A2A2C,3668
5031908BE59C33E469CC923B13B8BDEB63077130,3667
24F57D5D808F67F7E02D1094C6EF2D391D83095D,3666
FE8409C0525E16708B6B57F6C14824474EF1FEAB,3665
BD9FFB39A9DD8A575222D7AD77487739E835FE4C,3665
789B40202D5A3E88F2FA8804F5DDF78685484D9F,3664
5EBA59AA7ABAF7750E20BAAB368DA4D3042C2075,3662
E09DCE3436D9C24409851B6A5880C98BB14FCC12,3661
36BEE9554FA814799054DFC6658C789416EE4ED7,3661
17ECEDC5C5AE28C69BA7B32F217166198315864C,3660
CFD9764B2E56F8950375D8A866511515BBE93E14,3660
2694ED038DFCBE598361420C6C64E35EF48896BA,3655
1AC77F29EF0761060CD223DCA895FD040B8E79A2,3653
7B43B297921BBF1C6F0FC8AC935BDCE965980922,3647
5F7FA30DEBC333B64BBE3F4786C3A5684DB7A613,3647
2A9B041D5ADD968AF8415F5C9C61F3A742D9A150,3646
0092672F89B46104C6A193BD777582A87D1A16A7,3645
4AB318092C00E553342231214EB57A67C8C8E769,3644
1338CBF2ED6E0A28CBE2DDDBCA8C247B8E53B764,3643
FDA96DB66076C78BCB22C384F6BAEDA520FC3A41,3643
C9283C006D96C09F2CD290FC606B0652C3447D1C,3642
1AEDB3F320E706EAFCB524192BA0E09E1B18AAD8,3640
1C7600C9D80A5650F217CE7D6A4AF0151EFE1B4C,3638
1F5174C2B1F1D90DE85E103E0EB6951AF47C902E,3638
6BD94056F8F7B0B6A6B432044643CE5C9B09D48D,3636
578FA5128F91F5F482F07EC631945206E4EDA603,3635
6B1D0C8A1587EE681A234AA383A877AE3634A51B,3634
B728EDB775E312A5E9F4900F4E7E0C21E52A64E7,3634
C9E4BED1E39F3409EFD26E948CF8D3D4A91406DC,3634
2AE01C44359D12A5459E3D8C8CF70DCD1BE77DCC,3633
FBEA1699535E2E8DBC8685084B1DAF71F915F353,3631
13F62191B8C1D1B7A69118E95AE7353F7B1EB7D2,3628
5C517AAF8F780ADEEC71716CF0E9DB81DE27EF3A,3627
11A2711616B094D6963DE88A14DBBEB42273E7D2,3626
3576B34E9259648373C11547C285D6E1AC57C888,3625
6CF7133B542E5ECDA740CDE46F30419F3BF75851,3625
94A8125FAAD3015BAAE0BB928F50460916E3DC02,3623
39827B03235959F644AEE1A0DBB7B909264CE73D,3622
BB6198D2DCB2529FC1F12DB91EAA4B075635B8BC,3620
E59329060FA286CCFC42CD6CA7B4515D80F01426,3618
4632876B3B6D394899A4315E3751C45325CA49AF,3616
277D976DE6C9DB3F0DB3AD2FB9ECAF3581DF84FF,3616
740F19475F7DA2248EF4C2AD6462955D2D7BE80C,3616
2394F301594A5076BB2D9FAC449FD6AF3F4899A6,3615
96C88A4BBA73C41D4FFBDD80534861FD2B7DD47B,3614
2904E41C43542F51FCAA1D358CF979B533248C52,3613
A7E621CB35D47B6E35A238DA50E1238DC679E4B3,3613
06C5BAFD932A30BAD8BA55A88342F31FB554315E,3613
57BEF72FC18F82A4480E9BC07433EBE9C27FD1D6,3609
DA9DD51DBA53DAB54F7E95156756F53BB7DEE654,3608
AD0B24DEB847274F48B2C3F877DCAA9767196C80,3608
DB8DBC2017C82BB2EDEEB9B3B2BA5E08036F5837,3601
F33C5E6A466F710356586D8DB7AE3E711B4D1C93,3600
2DE12A3ED9A72668DA4A646859D7F6CB944650E8,3597
D9EAEDF6E13C0F6D02B78486B8D99A8678CD7C34,3594
3327EF08FE462C539ED1AE8A4DEDCB35D36DB16B,3594
C53F9E2A7053363EEF00DE9351A9D81C69508CA9,3593
8EF8B01ED96C9A038B426BE817C7A5F5F68B1C32,3591
5DC09BA9B58B190CC87BF6B37CF5A6BEAB1E48BD,3590
0F5290C553A664AE1AA74EFB2809A7A3FDB05A6D,3589
A65A7C59BB9F58E5513E9FE540476CEE77189E90,3587
B818636FDB09F0C39DADDC141C9EB689EBF4A2B2,3584
8748FC8806281C907C87788D3111BE348F68F7CC,3582
08FDF9FC4A6EB2A28007D82AE2D9FA4AC29FFA7A,3582
E7350DBBCAE4996B42AB7F52C003C9AF4EDABD6C,3580
6344FEB8F3654C9A4BD9000CC06A095347874084,3575
6AF5D3BAFACBAD7F492130F9A838FF92AFC654D9,3572
016DBFEB31978B5B59F0A6D08BC6A3D7EA1A84CF,3572
FA96EE3E4EC75A46316AE570AB2D533362D7EC65,3571
05EB8B85019200F346116AF3A5A1BC17085AE87A,3568
9640C36D861F350463BC4450526E19A4603D1617,3567
6BA629674EF09D870A9400193C76C9E0DCB6DF37,3567
2D203EC2052E9E5B6DB110FD6637EAB827DA6B01,3566
DB9DC033518F708B0144943EEBE0677FA989238C,3565
FF9EDEF9E1E52A95BD564E25F317E337A964C593,3560
89D4E09D09722A4C2FF1CF7083A8183A18D77001,3559
3C17E4B9AE5151190C5860205772966280A77148,3557
5D0D6781EEFCB258111B6C40122C582F4062AF67,3554
B5F49602D29C2777907E8609A563AD3D97100DAB,3552
242B14F49C8E00466DD73C7F30F01AD2FF141ACE,3551
39C43D31E58660828717876DDF7E71CBCAC070D0,3547
22247E49610C6C1331A73C15D65A6EFD550E90BE,3547
14ACE3135D90A43BF88FD7070ACE6C1A9ACCE7C7,3545
6F84462F71C77A6ECE2FDD1D9B6222E01206C30B,3540
1EF27787E406B750E343AD5A93B271AA2F31F1CC,3539
E0D885F777916E309EF9C8B8EDAD3E3B73B1C76F,3535
FBECCAA33C33BA62BEF5095471D52A329F2C5E76,3534
97D65BEDB25DFF58FEA1282382304A4907FB9FE7,3532
CCD5583F3465F2F4D0AC62229D503BE166CC6C62,3531
63716B625C25C215187FCBA0D38940B0534E2137,3531
BE15DFA4E575F97189853F15D79CAAD004635CD4,3529
B6EEF213451ADFD69027C08D59B888A74E3AF820,3523
D293C9D93E38BD067436BA9106D188D3E4D9BF0A,3520
4AB873AFB2E9ACF22E9AE6F2873ADE8CB7E75760,3520
6EEC511AD255054A149BF690B51912F86A227B2D,3519
A23CDB5E25FBEF17DFD0AE66433EA4F2F7209685,3518
F33FE7436C02A0BE080D6C0A9B896E700CD458DA,3516
A82BDFE52D8E5B139E7FE270CE755FEC9C6F2F67,3516
8936C7A19AA0F40B5F264C5007EFC3DAE8036187,3515
7B551F55C8D5B3D4AF8A2640F73967C7027F668B,3515
596007C22DA03B969E24DAE75EE0857EC8C34F0B,3514
D0082208B19C885B0A951ADBCD661CDAB5B27962,3511
78E8D9D39B131BF78361D19E3B3546F7EBEED347,3510
85445F70F538D5A3A7ED1E5BDD3E2B6E8E984346,3510
8A544A9C60B2AD4E094DAD06F5A67FABFBE90A3A,3509
81FB3EDB2727153580C25B6A319454B77B25AE2A,3509
907D596D61BC7FB7A3192DC3890CE73644652E5E,3505
CF8849A82CAC33F64F6523157B62058C0E71C0DE,3504
9E4EA822B615F8D7F98098A9C7E3950E6ACAAD2F,3504
8A8C687FF189664D14DA4251A6B92ECEE945086D,3502
69DC360A199537A4DA80AAF876C2DD932C67FD91,3501
6E510C33F8DBC4AFB9A677D1D48120685EB5CD8A,3499
CC1F30045CDEC6AAAE6BADB3E18A31E0EB3F711B,3498
A8C2DA317E16DCAD905EEB47A0E68A95DCCA303C,3495
6B56160F7A96F0DEC39C0F36B899AEC68FB4C52E,3494
FB05547DDE9E8FA08BF9198111CCA4A91B2E2BBC,3494
6E88728AB9B15B86771C0B8699038D9A16123EEB,3493
FD9E9191CC5253BE0CB95D7DA5862C7DD723D61C,3491
296B7A9A8539885CC2778DA7D7CCDE392C0F4BE8,3491
C7D9D906BD8E977FEAE01FC1504F78AE27A891AF,3491
3618648A3ED7DCF2476C97D8D4558402A8CD5BA2,3489
B5C79680A5F16767C94D89B34D80D342006228ED,3487
7C75D4E95E4146CA28F22FF7E9FB3FFB7E00BCCB,3487
8ED59E4E43EBFFF6729C355474A6E23FB1431F3A,3487
68CAD31054F9D28AE3234A6C7FE7E4774A1C8732,3486
26B3A5A875E9FCF8C766DDA981E5157ACDC7252A,3486
C4C5F52908F041939F334ECD6548C8BBA8E61BA5,3483
05CD6ECFEF89FDDE59642B78FEC877CBD125467B,3482
4D3E64CE41D0A699EBB13724876E4A986BDE8100,3481
EAD431AEE9CAD2DB8608E4D148D3309EBEA18BB5,3481
83A3FD3ECBA55F1D2E812B936040698D18F7638B,3480
BAE6F6B4766788C6097ED517DE58D7AC204150BD,3480
FC5C498145FA67F53352D0FB18E3E266EF71CFBB,3477
591A1531B75EBC2F5CA04013AAC4F512E46E8F5D,3476
A5800276FE1B92F11FCD4DC913E36578042A7724,3474
5168B273439B4AB1228CE4C737D04F32D5E307E7,3473
5AF4AC7326F5D6EE6E5B7E8051D38E34D32683AA,3469
016268A0ACCB22DB5CAD3904DA328A05D09D2A43,3468
64C223F8F4CDFDF5302BB1D914F63E692E73EE67,3468
C136723D724E52B02D9DCD3875EA46C6D49F9427,3467
B9E2F3BE2039DE41D3B444D55AE4D2C953FA0BA5,3467
71A8E9DBCF7BD76F5DB10E93C6F25FF470D25645,3466
1DEADF4C2014DD009EFFFCE81117C833B9F74BB0,3465
314ED26F204920AEA9E34D36A719ECE629B2ED1E,3465
74478C31C5F9164ACA73E160C55367BB28ECFE0F,3465
4340A72DCA40D003576BA3BAF4156B681749E14A,3463
7A6F797C04938023A0929599DF62367DC1A30670,3463
F6EC591F45549239F585AFD60AC98178F2B92B98,3460
5D4398C0E79F2D63E34A7EB2BF0A8F7A3CA48BB8,3459
F0B42F3FAFE50B5FADACB934B9F667988FF2FD7D,3458
5B9FA194FAD766EC42A5A8447FB7868891599446,3456
61417A513CCA3D1CC237C58E18E9BB78941CC749,3455
09454561683BC3DCFB99853AAA46F9388D8B4FD8,3455
2A5BC31B9B3456974AF4DDF5E01A61DEFA317121,3454
6FA07629C88C9838F74327043DC0F89AFD397456,3453
F30255560365CCD231648F6F73AA902FD80FB2CB,3451
CB0887977096A4B9989DBAF8ED183F1AE0A74B98,3451
6E5C399B35607E22BEA56A68EFB4DAC9E3666E76,3450
6E4FDB2E7553409864C5DBCADD3FF35AEA607344,3449
6402EE019421A9506322E4E54B4FCDB4648A19A7,3448
BED4B7B0014588E6AB0CAF24C4FB70BD9D725788,3445
88902117D492794C19E16785369CCABB65475C1D,3444
610C4D606C8A8A1D5A7A28CDA67E7F24AEBE63D8,3444
58C3D84823F5F1DB82D065DC7C5A13DB980E40FA,3444
EB2BB832F9FE521DB337254A5E25CB06EE460CD6,3444
D2623E862703CDCFD577362CA61453268E1856BE,3441
409E67606327E16301DC5C877F6F2403F692A572,3437
6B83DD9081DF93ADCE501E2684A28DC372B29C5C,3436
A53EFA35EAED44014A0530894BEEEA93DABE6F83,3435
