timestamp,datetime,nonce,blockNumber,from,to,gasUsed,hash
1697276428,2023-10-14 17:40:28,406,15030213,0x746ed74c3f0110a130e7bf464adfdf51da3a8fe4,0x611575ee1fbd4f7915d0eabcc518ed396ff78f0c,198171,0xc26d4cb169342f7b305df99728c55d6ac0f061fc2b8d3629dc33d5259895b772
1697276428,2023-10-14 17:40:28,405,15030200,0x746ed74c3f0110a130e7bf464adfdf51da3a8fe4,0x611575ee1fbd4f7915d0eabcc518ed396ff78f0c,198171,0x5042bd747b72e7047b2dfb53b2d549f51b3fb9185c273ceaf5382427fbf30a47
1697276423,2023-10-14 17:40:23,404,15030178,0x746ed74c3f0110a130e7bf464adfdf51da3a8fe4,0x611575ee1fbd4f7915d0eabcc518ed396ff78f0c,198171,0xe518c98f9e31233ff542fc7fdf26d82d4d5a7bce125bd3b6df666c4e7512b19a
1697276418,2023-10-14 17:40:18,403,15030162,0x746ed74c3f0110a130e7bf464adfdf51da3a8fe4,0x611575ee1fbd4f7915d0eabcc518ed396ff78f0c,198171,0x77543ffc776d86cac52048b9e885c2facfaafe2e0c60d15840c4972f21f8752c
1697276418,2023-10-14 17:40:18,402,15030155,0x746ed74c3f0110a130e7bf464adfdf51da3a8fe4,0x611575ee1fbd4f7915d0eabcc518ed396ff78f0c,198171,0x8b157e7051b2a1e01b905c23ce9244f915aee05bbe8946379af4966117cf42ab
1697276413,2023-10-14 17:40:13,401,15030141,0x746ed74c3f0110a130e7bf464adfdf51da3a8fe4,0x611575ee1fbd4f7915d0eabcc518ed396ff78f0c,198171,0x5e80494e03d05ef2395375905952a1259abb49b4dc62e7041440db2694c595b0
1697276408,2023-10-14 17:40:08,400,15030131,0x746ed74c3f0110a130e7bf464adfdf51da3a8fe4,0x611575ee1fbd4f7915d0eabcc518ed396ff78f0c,198171,0xe3db37a62967fd5e63a3c932079679b389448d2b65bf94fb4f145c17d004298c
1697276408,2023-10-14 17:40:08,399,15030120,0x746ed74c3f0110a130e7bf464adfdf51da3a8fe4,0x611575ee1fbd4f7915d0eabcc518ed396ff78f0c,198171,0x1fcfc6f93f7b5c5e3f09ebf87076ed8cfb4da2f014663aab32ebe1cfce34d3ec
1697276403,2023-10-14 17:40:03,398,15030101,0x746ed74c3f0110a130e7bf464adfdf51da3a8fe4,0x611575ee1fbd4f7915d0eabcc518ed396ff78f0c,198171,0xafe5586d38424286bccf84050df4c334592ac69825d8d5be88c8e0cda395157f
1697276398,2023-10-14 17:39:58,397,15030089,0x746ed74c3f0110a130e7bf464adfdf51da3a8fe4,0x611575ee1fbd4f7915d0eabcc518ed396ff78f0c,198171,0xa7ada7d3485cbb2afc410399c831a5365b88ee73ab2a1911ca9d7446a0b15b88
1697276398,2023-10-14 17:39:58,396,15030077,0x746ed74c3f0110a130e7bf464adfdf51da3a8fe4,0x611575ee1fbd4f7915d0eabcc518ed396ff78f0c,198171,0xd1a8b8f44e12d13ab49a4b4b379ee5aa927d92e4b52e34c68df49dfa87a118fb
1697276358,2023-10-14 17:39:18,395,15029927,0x746ed74c3f0110a130e7bf464adfdf51da3a8fe4,0x611575ee1fbd4f7915d0eabcc518ed396ff78f0c,198171,0x1f4abbe4cc54bc58b7e7e10f580948758e63618d3939bca7fa4dcb488e8ec45d
1697276358,2023-10-14 17:39:18,394,15029912,0x746ed74c3f0110a130e7bf464adfdf51da3a8fe4,0x611575ee1fbd4f7915d0eabcc518ed396ff78f0c,198171,0x85975da86f3a11da888e54db2797d5ebb1e1d738a7179baa1822b07e69b52b52
1697276353,2023-10-14 17:39:13,393,15029885,0x746ed74c3f0110a130e7bf464adfdf51da3a8fe4,0x611575ee1fbd4f7915d0eabcc518ed396ff78f0c,198171,0xfaf7f5148390ba31763b8295942b0b9d98247fbd61fd59bb3076cdc03b3f03ad
1697276348,2023-10-14 17:39:08,392,15029876,0x746ed74c3f0110a130e7bf464adfdf51da3a8fe4,0x611575ee1fbd4f7915d0eabcc518ed396ff78f0c,198171,0x68fd2b9105be39c96d2d569cc5b52c0ff917faccd8a55d35f44885ce22333560
1697276343,2023-10-14 17:39:03,391,15029861,0x746ed74c3f0110a130e7bf464adfdf51da3a8fe4,0x611575ee1fbd4f7915d0eabcc518ed396ff78f0c,198171,0x0f19eb7530511a6c8532c7fbb432ed42b1c24ef641dcc52f561b4900b67f6887
1697276343,2023-10-14 17:39:03,390,15029847,0x746ed74c3f0110a130e7bf464adfdf51da3a8fe4,0x611575ee1fbd4f7915d0eabcc518ed396ff78f0c,198171,0xe0093a375408e70e3fb6a39e71265c1bbd98c8707dc7b02382a298eaf5092a50
1697276338,2023-10-14 17:38:58,389,15029823,0x746ed74c3f0110a130e7bf464adfdf51da3a8fe4,0x611575ee1fbd4f7915d0eabcc518ed396ff78f0c,198171,0x458cb704db6b9a45045e851b1b59808b3f45f9cbe4dcb47754860521855bb09c
1697276333,2023-10-14 17:38:53,388,15029805,0x746ed74c3f0110a130e7bf464adfdf51da3a8fe4,0x611575ee1fbd4f7915d0eabcc518ed396ff78f0c,198171,0xa4bdce1364d342ea69cf4c1f55d9f768a2600b4ab83b98d477c109ca9f8ace5c
1697276333,2023-10-14 17:38:53,387,15029798,0x746ed74c3f0110a130e7bf464adfdf51da3a8fe4,0x611575ee1fbd4f7915d0eabcc518ed396ff78f0c,198171,0xf2b31a0d39e2dee38c545ee8d256304ee568e3f3e6ae8a823849b1ab547e68fc
1697276333,2023-10-14 17:38:53,386,15029785,0x746ed74c3f0110a130e7bf464adfdf51da3a8fe4,0x611575ee1fbd4f7915d0eabcc518ed396ff78f0c,198171,0xede215851e9ee9666bff94edad61b2855f1238b948765df0dec7dde31874b406
1697276328,2023-10-14 17:38:48,385,15029769,0x746ed74c3f0110a130e7bf464adfdf51da3a8fe4,0x611575ee1fbd4f7915d0eabcc518ed396ff78f0c,198171,0x4246839375dffd4caac1311f6613420a3d8eb39daefcb091ff84de81375081ac
1697276328,2023-10-14 17:38:48,384,15029753,0x746ed74c3f0110a130e7bf464adfdf51da3a8fe4,0x611575ee1fbd4f7915d0eabcc518ed396ff78f0c,198171,0x3b32a9aaaed8216312b1448a940969aa9ed2d16b46bbdf86e8505783bdd05165
1697276323,2023-10-14 17:38:43,383,15029744,0x746ed74c3f0110a130e7bf464adfdf51da3a8fe4,0x611575ee1fbd4f7915d0eabcc518ed396ff78f0c,198171,0xfb54f1c17e6d2145a4efa84d52da9f6ca548acd7760912d6c8a9d7d60b5f0e46
1697276303,2023-10-14 17:38:23,382,15029656,0x746ed74c3f0110a130e7bf464adfdf51da3a8fe4,0x611575ee1fbd4f7915d0eabcc518ed396ff78f0c,198171,0x115c9539b9180be8f8c5619b8c2e29ff84583efef6aa2e1811c340c0740416d9
1697276298,2023-10-14 17:38:18,381,15029632,0x746ed74c3f0110a130e7bf464adfdf51da3a8fe4,0x611575ee1fbd4f7915d0eabcc518ed396ff78f0c,198171,0x2ed136c6322c9a329e1928c73a2a37e9ee194b1f5a79fd4f76e49157b6e24a68
1697276293,2023-10-14 17:38:13,380,15029613,0x746ed74c3f0110a130e7bf464adfdf51da3a8fe4,0x611575ee1fbd4f7915d0eabcc518ed396ff78f0c,198171,0x4c3525d2200bd9a228657e6229c30deaef71ca1dae88aa883e636a4c670606eb
1697276293,2023-10-14 17:38:13,379,15029597,0x746ed74c3f0110a130e7bf464adfdf51da3a8fe4,0x611575ee1fbd4f7915d0eabcc518ed396ff78f0c,198171,0xa88a0aaa34b1ff1c599830ccaf5610d1c963bb4c398f8875b2a93296171b8f6e
1697276288,2023-10-14 17:38:08,378,15029584,0x746ed74c3f0110a130e7bf464adfdf51da3a8fe4,0x611575ee1fbd4f7915d0eabcc518ed396ff78f0c,198171,0xc3bc32b08922a3b9afe98ddec85bbfb16685b2e79ae3c5af0fd1e46ac82df474
1697276283,2023-10-14 17:38:03,377,15029564,0x746ed74c3f0110a130e7bf464adfdf51da3a8fe4,0x611575ee1fbd4f7915d0eabcc518ed396ff78f0c,198171,0x82705b9238f61372c8740f29e04c32bbe488df24920dc83016b8b7d6226cc9c3
1697276283,2023-10-14 17:38:03,376,15029552,0x746ed74c3f0110a130e7bf464adfdf51da3a8fe4,0x611575ee1fbd4f7915d0eabcc518ed396ff78f0c,198171,0x3f8a8437c22144ab11d7fe0826494995aad1d72eaa6df8d1fe9f457ab47e6c7d
1697276278,2023-10-14 17:37:58,375,15029535,0x746ed74c3f0110a130e7bf464adfdf51da3a8fe4,0x611575ee1fbd4f7915d0eabcc518ed396ff78f0c,198171,0x2a40c0c0162b20baab3fd292f0d55ababee095823008cebb1edfc924bc08b8ac
1697276278,2023-10-14 17:37:58,374,15029519,0x746ed74c3f0110a130e7bf464adfdf51da3a8fe4,0x611575ee1fbd4f7915d0eabcc518ed396ff78f0c,198171,0xaeaa35949a172c91799a0f9a8a5b83bb1d6e67a73b389727c37d260bfb57bc34
1697276273,2023-10-14 17:37:53,373,15029506,0x746ed74c3f0110a130e7bf464adfdf51da3a8fe4,0x611575ee1fbd4f7915d0eabcc518ed396ff78f0c,198171,0xaf98696acee9068ce091f7d3b6afafa2d895ce9da7c570fb0c69eb1bccba7754
1697276273,2023-10-14 17:37:53,372,15029492,0x746ed74c3f0110a130e7bf464adfdf51da3a8fe4,0x611575ee1fbd4f7915d0eabcc518ed396ff78f0c,198171,0x2468c92cd98cca9b2a5ffe45ebdeb2d3cdd771dfd11b9438a00b697097fd03e0
1697276268,2023-10-14 17:37:48,371,15029472,0x746ed74c3f0110a130e7bf464adfdf51da3a8fe4,0x611575ee1fbd4f7915d0eabcc518ed396ff78f0c,198171,0xc153d277d4e9abc50b6a34b0b045c53180d7dba5dc5baaae51c026a8b59cfbf2
1697276263,2023-10-14 17:37:43,370,15029438,0x746ed74c3f0110a130e7bf464adfdf51da3a8fe4,0x611575ee1fbd4f7915d0eabcc518ed396ff78f0c,198171,0xbf8bae9e53cff7cc37971f4cfe8d75b2d716ca56f1120b5e5e5c84cb3e82b1f4
1697276263,2023-10-14 17:37:43,369,15029418,0x746ed74c3f0110a130e7bf464adfdf51da3a8fe4,0x611575ee1fbd4f7915d0eabcc518ed396ff78f0c,198171,0x777800b696d20a93c65135724916159da74c4e8e576296e6444ed1a804d7b78f
1697276258,2023-10-14 17:37:38,368,15029412,0x746ed74c3f0110a130e7bf464adfdf51da3a8fe4,0x611575ee1fbd4f7915d0eabcc518ed396ff78f0c,198171,0xd211cb6f2e627d52d8ae6106038f768a93b98c7d2820337fca39cf2b21666b44
1697276258,2023-10-14 17:37:38,367,15029402,0x746ed74c3f0110a130e7bf464adfdf51da3a8fe4,0x611575ee1fbd4f7915d0eabcc518ed396ff78f0c,198171,0x64c6e64013fc1cf4c57982d0bd284af6e85abef7b1103d2bd99dff3b17b8b9b1
1697276253,2023-10-14 17:37:33,366,15029385,0x746ed74c3f0110a130e7bf464adfdf51da3a8fe4,0x611575ee1fbd4f7915d0eabcc518ed396ff78f0c,198171,0xfcef1817ccfee1ab33c8fc4ae2083e6aaa6e294c246d524c7a64b4f30021692b
1697276238,2023-10-14 17:37:18,365,15029320,0x746ed74c3f0110a130e7bf464adfdf51da3a8fe4,0x611575ee1fbd4f7915d0eabcc518ed396ff78f0c,198171,0xa2dbd8e69710a641ddcd1853cd9727c8c94cbf90c1d8f116ae84caaa2d163f04
1697276233,2023-10-14 17:37:13,364,15029307,0x746ed74c3f0110a130e7bf464adfdf51da3a8fe4,0x611575ee1fbd4f7915d0eabcc518ed396ff78f0c,198171,0xdf2ae2c10672c05e6a7492f358c807d5e78124846310ddc1db727c4b4f99521c
1697276228,2023-10-14 17:37:08,363,15029293,0x746ed74c3f0110a130e7bf464adfdf51da3a8fe4,0x611575ee1fbd4f7915d0eabcc518ed396ff78f0c,198171,0x19778e914a2a165b2c2889e6aedab0e4b8b8e651fa2c8a4e3a3b0ad311b7b924
1697276228,2023-10-14 17:37:08,362,15029277,0x746ed74c3f0110a130e7bf464adfdf51da3a8fe4,0x611575ee1fbd4f7915d0eabcc518ed396ff78f0c,198171,0x12e2169333a3610cb8daa426e6e1eff8ce9381717e642ed1b10ce6270a461f08
1697276223,2023-10-14 17:37:03,361,15029266,0x746ed74c3f0110a130e7bf464adfdf51da3a8fe4,0x611575ee1fbd4f7915d0eabcc518ed396ff78f0c,198171,0x33d8ad80e21c4a5279e3f2e8defa4fe9aa319617aa7706428ca996814681ff26
1697276218,2023-10-14 17:36:58,360,15029259,0x746ed74c3f0110a130e7bf464adfdf51da3a8fe4,0x611575ee1fbd4f7915d0eabcc518ed396ff78f0c,198171,0x6fd3fc342a0942a2336ae3325628b1f06304edb3f08c2b809b167e8fa7a1af52
1697276218,2023-10-14 17:36:58,359,15029246,0x746ed74c3f0110a130e7bf464adfdf51da3a8fe4,0x611575ee1fbd4f7915d0eabcc518ed396ff78f0c,198171,0x10f446c675eeb11837f9c005b9f76c3774755c7b0d455be5ff44b210a9982b38
1697276213,2023-10-14 17:36:53,358,15029237,0x746ed74c3f0110a130e7bf464adfdf51da3a8fe4,0x611575ee1fbd4f7915d0eabcc518ed396ff78f0c,198171,0x18e293ac097c8465bf4d518320d1bd47a88c329bff8ebaae00daf43b628238e5
1697276208,2023-10-14 17:36:48,357,15029225,0x746ed74c3f0110a130e7bf464adfdf51da3a8fe4,0x611575ee1fbd4f7915d0eabcc518ed396ff78f0c,198171,0xb22713cda08c14073d9374b3b2a24a65210322e5ee61d1ac39bbb7ac39a15ae4
1697276208,2023-10-14 17:36:48,356,15029215,0x746ed74c3f0110a130e7bf464adfdf51da3a8fe4,0x611575ee1fbd4f7915d0eabcc518ed396ff78f0c,198171,0xc48a81177bc9df718a72cdb5702cdf92cbebb271701700ab6b2f6324ac782809
1697276203,2023-10-14 17:36:43,355,15029205,0x746ed74c3f0110a130e7bf464adfdf51da3a8fe4,0x611575ee1fbd4f7915d0eabcc518ed396ff78f0c,198171,0x93dd3468ffe75d9bb227add9b7fbd9e8604fba45e5de3c4586f25dd817eff022
1697276198,2023-10-14 17:36:38,354,15029187,0x746ed74c3f0110a130e7bf464adfdf51da3a8fe4,0x611575ee1fbd4f7915d0eabcc518ed396ff78f0c,198171,0x6eb6ff33b723a7c89e228368d7c28a42a8e2fa32cc742852e6efdf3be9106faf
1697276198,2023-10-14 17:36:38,353,15029175,0x746ed74c3f0110a130e7bf464adfdf51da3a8fe4,0x611575ee1fbd4f7915d0eabcc518ed396ff78f0c,198171,0x85e52e490c1d2b1a5ade885a1b97d084f3f0f1165ba7638755f0ee9c1830f5bb
1697276193,2023-10-14 17:36:33,352,15029158,0x746ed74c3f0110a130e7bf464adfdf51da3a8fe4,0x611575ee1fbd4f7915d0eabcc518ed396ff78f0c,198171,0xfddabe9d4d8284454530f5c303866734579a9094686589c628792a37c8b8c942
1697276188,2023-10-14 17:36:28,351,15029143,0x746ed74c3f0110a130e7bf464adfdf51da3a8fe4,0x611575ee1fbd4f7915d0eabcc518ed396ff78f0c,198171,0x58db3c13999753e19d6cb5e0227ecbe5f5e3d2db54676f0600392f8e932d0f9a
1697276188,2023-10-14 17:36:28,350,15029128,0x746ed74c3f0110a130e7bf464adfdf51da3a8fe4,0x611575ee1fbd4f7915d0eabcc518ed396ff78f0c,198171,0xcce4cec0b53fb5d37685e074cd0e39b1d45235c53477579ba15c623d3cddf2b3
1697276183,2023-10-14 17:36:23,349,15029111,0x746ed74c3f0110a130e7bf464adfdf51da3a8fe4,0x611575ee1fbd4f7915d0eabcc518ed396ff78f0c,198171,0x35b55d2ad5098b6ccb88cc957a4d1ab3d81aeb0b60358f1b28791a8e99b04c9b
1697276183,2023-10-14 17:36:23,348,15029102,0x746ed74c3f0110a130e7bf464adfdf51da3a8fe4,0x611575ee1fbd4f7915d0eabcc518ed396ff78f0c,198171,0xffac741a44521e066e340026859a9f10d875ad3f9402d9ab4b23ca710777219d
1697276178,2023-10-14 17:36:18,347,15029089,0x746ed74c3f0110a130e7bf464adfdf51da3a8fe4,0x611575ee1fbd4f7915d0eabcc518ed396ff78f0c,198171,0x6d00ecedabf8097f5fac5f5811faf6851e7c5c904441dd8e18841622998901be
1697276178,2023-10-14 17:36:18,346,15029076,0x746ed74c3f0110a130e7bf464adfdf51da3a8fe4,0x611575ee1fbd4f7915d0eabcc518ed396ff78f0c,198171,0x1e3e89a3913c1145c47838ba7364bb1fd0fdb8d87683d09f7c93c887aac3f18c
1697276153,2023-10-14 17:35:53,345,15028966,0x746ed74c3f0110a130e7bf464adfdf51da3a8fe4,0x611575ee1fbd4f7915d0eabcc518ed396ff78f0c,198171,0x06787a61bdb8910465e1502fee3fb3bc7b9a08c14b89df75fdd0d22e1efde4d9
1697276148,2023-10-14 17:35:48,344,15028955,0x746ed74c3f0110a130e7bf464adfdf51da3a8fe4,0x611575ee1fbd4f7915d0eabcc518ed396ff78f0c,198171,0x7c42feb340d578418a55759f4808768a5a71f5f0b8645c369b7825682e8bcb87
1697276148,2023-10-14 17:35:48,343,15028947,0x746ed74c3f0110a130e7bf464adfdf51da3a8fe4,0x611575ee1fbd4f7915d0eabcc518ed396ff78f0c,198171,0xa06637d8c92b4530a52c817e7ce7d16651d2a3f8acc2dcee2adb2ccf8cf74267
1697276143,2023-10-14 17:35:43,342,15028932,0x746ed74c3f0110a130e7bf464adfdf51da3a8fe4,0x611575ee1fbd4f7915d0eabcc518ed396ff78f0c,198171,0x608a7399111ffce75406fc723f0f0e8f6155be76ef63e5d94a0747995cff5b6d
1697276143,2023-10-14 17:35:43,341,15028918,0x746ed74c3f0110a130e7bf464adfdf51da3a8fe4,0x611575ee1fbd4f7915d0eabcc518ed396ff78f0c,198171,0x9cb0dc8324ef172468fc5f7d8a1d0b842376aa34ee13f19a9e06b8578b0c4c89
1697276138,2023-10-14 17:35:38,340,15028902,0x746ed74c3f0110a130e7bf464adfdf51da3a8fe4,0x611575ee1fbd4f7915d0eabcc518ed396ff78f0c,198171,0x4b2f7f67d7b6d996ec8b19e1ea6958b28de914183a7d4eaf6da2905c2654e0a2
1697276133,2023-10-14 17:35:33,339,15028891,0x746ed74c3f0110a130e7bf464adfdf51da3a8fe4,0x611575ee1fbd4f7915d0eabcc518ed396ff78f0c,198171,0x183d9927edfebc796848df0114c471ebee477e042f851ea53efd3c613214369b
1697276133,2023-10-14 17:35:33,338,15028877,0x746ed74c3f0110a130e7bf464adfdf51da3a8fe4,0x611575ee1fbd4f7915d0eabcc518ed396ff78f0c,198171,0x0ede6a904270f22afd80402081efa380c98690a3f15ee522d6fb2a7122e77585
1697276128,2023-10-14 17:35:28,337,15028863,0x746ed74c3f0110a130e7bf464adfdf51da3a8fe4,0x611575ee1fbd4f7915d0eabcc518ed396ff78f0c,198171,0xf94da4567be7bb9a348e521121cfadd21a25f5204a7d6bd0ac85bb882fb09ff1
1697276123,2023-10-14 17:35:23,336,15028853,0x746ed74c3f0110a130e7bf464adfdf51da3a8fe4,0x611575ee1fbd4f7915d0eabcc518ed396ff78f0c,198171,0x48fa52fb9e7f9da5753840ecbf155c187cd9c32d7a043333987f23216e34f4f7
1697276123,2023-10-14 17:35:23,335,15028841,0x746ed74c3f0110a130e7bf464adfdf51da3a8fe4,0x611575ee1fbd4f7915d0eabcc518ed396ff78f0c,198171,0x16d199bd691f7816a87fa5437b932500ec2e5d622f217b233c4ed2bf91fddffc
1697276118,2023-10-14 17:35:18,334,15028827,0x746ed74c3f0110a130e7bf464adfdf51da3a8fe4,0x611575ee1fbd4f7915d0eabcc518ed396ff78f0c,198171,0xb413bb4c2bcd31522e02c35ac675f82679c6a200c959aaf90030a46d730000cf
1697276093,2023-10-14 17:34:53,333,15028711,0x746ed74c3f0110a130e7bf464adfdf51da3a8fe4,0x611575ee1fbd4f7915d0eabcc518ed396ff78f0c,198171,0x3feda8ccafcb9b3831335840811c47ed6342253455e8678bc70ed818cfb1f776
1697211601,2023-10-13 23:40:01,332,14818815,0x746ed74c3f0110a130e7bf464adfdf51da3a8fe4,0x611575ee1fbd4f7915d0eabcc518ed396ff78f0c,198171,0x7509b32d94b18110dc0c6681ee553092144b261f2c955959d94471ba7ed340fb
1697207201,2023-10-13 22:26:41,331,14808528,0x746ed74c3f0110a130e7bf464adfdf51da3a8fe4,0x611575ee1fbd4f7915d0eabcc518ed396ff78f0c,198171,0x9f3788f5187467ef61562663782176bd6cf956a3704b70edda77c7173f533c26
1697201082,2023-10-13 20:44:42,330,14793415,0x746ed74c3f0110a130e7bf464adfdf51da3a8fe4,0x611575ee1fbd4f7915d0eabcc518ed396ff78f0c,198171,0x5c1ca697e57ef102c81f8821f7fa4cf7ef3a179631c175469cf480acb0d01a15
1697195605,2023-10-13 19:13:25,329,14775009,0x746ed74c3f0110a130e7bf464adfdf51da3a8fe4,0x611575ee1fbd4f7915d0eabcc518ed396ff78f0c,198171,0xbce6ebe49fb0aab6ed69099d4917d46032b52eba2176c59bf00bd4152e00c041
1697188281,2023-10-13 17:11:21,328,14745333,0x746ed74c3f0110a130e7bf464adfdf51da3a8fe4,0x611575ee1fbd4f7915d0eabcc518ed396ff78f0c,198171,0x8e533416055ece6fad6a338cbee4b601d914340d84f7a9eb953033571d9f8996
1697188276,2023-10-13 17:11:16,327,14745323,0x746ed74c3f0110a130e7bf464adfdf51da3a8fe4,0x611575ee1fbd4f7915d0eabcc518ed396ff78f0c,221167,0x81c2e3d91f472d7815acbb3246d2d2686cb5d3070f3f7cbc56be79ee165228a8
1697188246,2023-10-13 17:10:46,326,14745201,0x746ed74c3f0110a130e7bf464adfdf51da3a8fe4,0x611575ee1fbd4f7915d0eabcc518ed396ff78f0c,441007,0xccd72d52f57791b09da3541aed2575f94872320d19271e39a71e7fe2fae9ff69
1697188226,2023-10-13 17:10:26,325,14745148,0x746ed74c3f0110a130e7bf464adfdf51da3a8fe4,0x611575ee1fbd4f7915d0eabcc518ed396ff78f0c,521203,0x0befe0656f1acd92376b1d0749d0238276eb516f8c053cf32d2ab0504cd0d594
1697169810,2023-10-13 12:03:30,324,14636013,0x746ed74c3f0110a130e7bf464adfdf51da3a8fe4,0xfc13ebe7feb9595d70195e9168aa7f3ace153621,477265,0x1facd294722eb00e677ddb065392ed4f21677d7e2c600db4a5441e132c9cec9d
1697168643,2023-10-13 11:44:03,323,14631697,0x746ed74c3f0110a130e7bf464adfdf51da3a8fe4,0xfc13ebe7feb9595d70195e9168aa7f3ace153621,475970,0xb88fd59937e10e6b1d35bd09615dab7ffdf60ee8e7453268b246d5783fb01f29
1697168538,2023-10-13 11:42:18,322,14631069,0x746ed74c3f0110a130e7bf464adfdf51da3a8fe4,0xfc13ebe7feb9595d70195e9168aa7f3ace153621,494694,0x9556deb80d139a3597882ae03b8d637d0ff6f33ffe1dba337912467dd1ee378d
1697165976,2023-10-13 10:59:36,321,14621490,0x746ed74c3f0110a130e7bf464adfdf51da3a8fe4,0xfc13ebe7feb9595d70195e9168aa7f3ace153621,496062,0x0b590d65c352b12d7555411605ea0f36230f82aae572c7edbcc68504b8ab1882
1697084354,2023-10-12 12:19:14,320,14324654,0x746ed74c3f0110a130e7bf464adfdf51da3a8fe4,0x6b16b4fa3dd11cf049acd3cf820996f72c90c43b,21000,0x5708a7a7f165f86b199537ed114c89c9b99f31c3a37fd697763d212dacdfc29e
1696997024,2023-10-11 12:03:44,319,14030001,0x746ed74c3f0110a130e7bf464adfdf51da3a8fe4,0x97a23831614c45a8fb211ff711ed3f8ba6b612c5,21000,0x519375ba1e719bb0324635ae00a5e247995471b8715b62dbd92783dfce8c63b4
1696996993,2023-10-11 12:03:13,318,14029903,0x746ed74c3f0110a130e7bf464adfdf51da3a8fe4,0xfc13ebe7feb9595d70195e9168aa7f3ace153621,458136,0x6203cae5a69d529a24dcf945fd4d3c1e97018e2fb28294c93b3bd06818566971
1696996826,2023-10-11 12:00:26,317,14029401,0x746ed74c3f0110a130e7bf464adfdf51da3a8fe4,0xfc13ebe7feb9595d70195e9168aa7f3ace153621,438932,0x3364367a4842a109d0fa2f147ab266905eb8675e7888bd35fd373792f82a246f
1696996816,2023-10-11 12:00:16,316,14029382,0x746ed74c3f0110a130e7bf464adfdf51da3a8fe4,0xfc13ebe7feb9595d70195e9168aa7f3ace153621,476085,0x127be23bf8c7a934bd4b5edae8f4256e47080a25829076d108b23e125d0be766
1696996791,2023-10-11 11:59:51,315,14029298,0x746ed74c3f0110a130e7bf464adfdf51da3a8fe4,0xfc13ebe7feb9595d70195e9168aa7f3ace153621,445565,0x9685782397ce87f5528c5fd8cbe99cc60c0110c743c5e6f79b90ff22403d1397
1696996786,2023-10-11 11:59:46,314,14029263,0x746ed74c3f0110a130e7bf464adfdf51da3a8fe4,0xfc13ebe7feb9595d70195e9168aa7f3ace153621,444445,0x51355f0dc7e00afe62f29c32706c399b52d49906a038f273cf2910dedca0efc3
1696996776,2023-10-11 11:59:36,313,14029238,0x746ed74c3f0110a130e7bf464adfdf51da3a8fe4,0xfc13ebe7feb9595d70195e9168aa7f3ace153621,445740,0xb6df1771abdecbc142d0cfccbb05de60e446cb6059ad7e81f002a2b5787a9c76
1696996766,2023-10-11 11:59:26,312,14029207,0x746ed74c3f0110a130e7bf464adfdf51da3a8fe4,0xfc13ebe7feb9595d70195e9168aa7f3ace153621,452042,0x6dbc92e792df0a23353c3ca3ee347dbfd924db18b67d9b767e5987d74a24c1cd
1696996761,2023-10-11 11:59:21,311,14029182,0x746ed74c3f0110a130e7bf464adfdf51da3a8fe4,0xfc13ebe7feb9595d70195e9168aa7f3ace153621,445740,0xc1a975a736243a9037f6b188dba729afabf88ef1920d6bf0f6503a680cab748b
1696996750,2023-10-11 11:59:10,310,14029154,0x746ed74c3f0110a130e7bf464adfdf51da3a8fe4,0xfc13ebe7feb9595d70195e9168aa7f3ace153621,464551,0x82c2c8bc7fb19ed3ebecc9a753949f381d82145d7c4bca5f54f7dca9112648a3
1696996740,2023-10-11 11:59:00,309,14029130,0x746ed74c3f0110a130e7bf464adfdf51da3a8fe4,0xfc13ebe7feb9595d70195e9168aa7f3ace153621,481642,0xac3038b7c23de1d25d49cfb719caf5045697344c36d738da37fc5a4d2e3f47c9
1696996636,2023-10-11 11:57:16,94558,14028818,0xf89d7b9c864f589bbf53a82105107622b35eaa40,0x746ed74c3f0110a130e7bf464adfdf51da3a8fe4,21000,0x6557d8bb6cbb5e7860dff5d42bda99ec68bd022e2c9134774f21469b7bf124a6
1696820742,2023-10-09 11:05:42,308,13438616,0x746ed74c3f0110a130e7bf464adfdf51da3a8fe4,0xfc13ebe7feb9595d70195e9168aa7f3ace153621,441462,0x22a9f11b3e1820a394e9d546fb9b3eba83491e2ce3ae68b967bbf507be204c18
1696820721,2023-10-09 11:05:21,307,13438518,0x746ed74c3f0110a130e7bf464adfdf51da3a8fe4,0xfc13ebe7feb9595d70195e9168aa7f3ace153621,452676,0x85995e79ab6dcdb4b9f075c8d68671fbc2ba4a4299de979a31544eacdc67f37d
1696820711,2023-10-09 11:05:11,306,13438473,0x746ed74c3f0110a130e7bf464adfdf51da3a8fe4,0xfc13ebe7feb9595d70195e9168aa7f3ace153621,433855,0xbb171b455254a1f85f3b459c7809328f1a07cafa421ca918b8792489d99f6f19
1696820690,2023-10-09 11:04:50,305,13438434,0x746ed74c3f0110a130e7bf464adfdf51da3a8fe4,0xfc13ebe7feb9595d70195e9168aa7f3ace153621,437817,0x26420da34a745b0e34443887c4f9fdbd5f0e41e0215499a27ac5a3144adeaed7
1696820685,2023-10-09 11:04:45,304,13438409,0x746ed74c3f0110a130e7bf464adfdf51da3a8fe4,0xfc13ebe7feb9595d70195e9168aa7f3ace153621,487199,0x6ef2cdbb11a4dcbab931675b3ec3e7d062de7f2ab59eb3ce3cbee16acde8b9de
1696820655,2023-10-09 11:04:15,303,13438318,0x746ed74c3f0110a130e7bf464adfdf51da3a8fe4,0xfc13ebe7feb9595d70195e9168aa7f3ace153621,433677,0x9cde6ad1669467a2b68f030fa87bc64d6b89f506bbd95efff4bf11808b1a6128
1696820640,2023-10-09 11:04:00,302,13438281,0x746ed74c3f0110a130e7bf464adfdf51da3a8fe4,0xfc13ebe7feb9595d70195e9168aa7f3ace153621,425818,0x78ceb26fdfec87a612425366545c7343b506295c70f691857cbbed992de20180
1696820635,2023-10-09 11:03:55,301,13438252,0x746ed74c3f0110a130e7bf464adfdf51da3a8fe4,0xfc13ebe7feb9595d70195e9168aa7f3ace153621,479592,0xf2b002a5533d554476f7eb623e3846664d425dc55ec43fd6132ba6fa208b2244
1696820625,2023-10-09 11:03:45,300,13438213,0x746ed74c3f0110a130e7bf464adfdf51da3a8fe4,0xfc13ebe7feb9595d70195e9168aa7f3ace153621,444266,0xb0148a053177752a262a5cd1959802a7123da3f217813d166a2e9d0ca8564264
1696820615,2023-10-09 11:03:35,299,13438183,0x746ed74c3f0110a130e7bf464adfdf51da3a8fe4,0xfc13ebe7feb9595d70195e9168aa7f3ace153621,464372,0x24a110ed81c961c181ad7aa84e9f261555d2575c19edbaac668e6424b7a998cb
1696820605,2023-10-09 11:03:25,298,13438143,0x746ed74c3f0110a130e7bf464adfdf51da3a8fe4,0xfc13ebe7feb9595d70195e9168aa7f3ace153621,439146,0xe715091077088998d5bbc2b6aae1da3dffeee2c9f72c5e48f8ee6b9b53d9b751
1696820595,2023-10-09 11:03:15,297,13438112,0x746ed74c3f0110a130e7bf464adfdf51da3a8fe4,0xfc13ebe7feb9595d70195e9168aa7f3ace153621,445551,0x3b3bf4f8464396ae0147d5bdb00019a6a170ce976e0cd4da90c1b1920ec08c45
1696820590,2023-10-09 11:03:10,296,13438094,0x746ed74c3f0110a130e7bf464adfdf51da3a8fe4,0xfc13ebe7feb9595d70195e9168aa7f3ace153621,452028,0x54a70e7a2a6a41572c989cdf3e421087378f0b59f6135b2c26ad828f5a1c5875
1696820575,2023-10-09 11:02:55,295,13438049,0x746ed74c3f0110a130e7bf464adfdf51da3a8fe4,0xfc13ebe7feb9595d70195e9168aa7f3ace153621,447444,0x2c888b8526edffd3fa61e330227cc294fb41b9955b83f17fc49eb9e66ad111f1
1696820565,2023-10-09 11:02:45,294,13438012,0x746ed74c3f0110a130e7bf464adfdf51da3a8fe4,0xfc13ebe7feb9595d70195e9168aa7f3ace153621,445386,0x225602fb8bc3995d40fa601bfdd1ff48bde1d7c2e8a90d5204a90df310e97661
1696820401,2023-10-09 11:00:01,293,13437493,0x746ed74c3f0110a130e7bf464adfdf51da3a8fe4,0xfc13ebe7feb9595d70195e9168aa7f3ace153621,456964,0x4f088cbb8321fe8c192ba6784d7e564303e73156504217bd9ccbe2eaabc4c309
1696820396,2023-10-09 10:59:56,292,13437467,0x746ed74c3f0110a130e7bf464adfdf51da3a8fe4,0xfc13ebe7feb9595d70195e9168aa7f3ace153621,461067,0x944d7d46847c0b743a12f9d2d92c2293c80ac9c2eb0651a019c450b49a7fbadf
1696820386,2023-10-09 10:59:46,291,13437448,0x746ed74c3f0110a130e7bf464adfdf51da3a8fe4,0xfc13ebe7feb9595d70195e9168aa7f3ace153621,442129,0xe75624373d5501b6fc3a376d01fd85f1ef54e2ecc563fae7d3a7dacc22a899d6
1696764514,2023-10-08 19:28:34,290,13289688,0x746ed74c3f0110a130e7bf464adfdf51da3a8fe4,0xfc13ebe7feb9595d70195e9168aa7f3ace153621,436451,0x0ee2f97b42247e06bde544df0e1f1dedbf118dde25da5676de77c875149daef8
1696764509,2023-10-08 19:28:29,289,13289651,0x746ed74c3f0110a130e7bf464adfdf51da3a8fe4,0xfc13ebe7feb9595d70195e9168aa7f3ace153621,439297,0x6e6f8a87845c7f801fcdfb39de79b4ffcd225f19f470e4955ac5c658fd2afb7f
1696764504,2023-10-08 19:28:24,288,13289616,0x746ed74c3f0110a130e7bf464adfdf51da3a8fe4,0xfc13ebe7feb9595d70195e9168aa7f3ace153621,479942,0x478d76ad7158b072a86eaf81f511124d3a0b20d036eb38bb114d2903592fa4ed
1696764494,2023-10-08 19:28:14,287,13289579,0x746ed74c3f0110a130e7bf464adfdf51da3a8fe4,0xfc13ebe7feb9595d70195e9168aa7f3ace153621,437964,0x9f64d0a775d3b310fc882db726e8420d1c4c9d9519144a3b558a620e92a67972
1696764484,2023-10-08 19:28:04,286,13289519,0x746ed74c3f0110a130e7bf464adfdf51da3a8fe4,0xfc13ebe7feb9595d70195e9168aa7f3ace153621,464698,0xc40b712abc6538f9135edaade79535f3a52658674ebc3a7a309138775d128234
1696764474,2023-10-08 19:27:54,285,13289481,0x746ed74c3f0110a130e7bf464adfdf51da3a8fe4,0xfc13ebe7feb9595d70195e9168aa7f3ace153621,436582,0x1dfe4e943a352e24dfb406df4f659fbe2569cf4ede150270b1bb0143a76e2323
1696764469,2023-10-08 19:27:49,284,13289449,0x746ed74c3f0110a130e7bf464adfdf51da3a8fe4,0xfc13ebe7feb9595d70195e9168aa7f3ace153621,482917,0x2faaae1dfdb95a597092781bbc4ee6e4a7a2ae2a821ea94f215a0bc824dab6f6
1696764459,2023-10-08 19:27:39,283,13289403,0x746ed74c3f0110a130e7bf464adfdf51da3a8fe4,0xfc13ebe7feb9595d70195e9168aa7f3ace153621,438149,0x06efc9a7f99e48a03d31d5472ab5821b43e3d03241721629c65d20b9ae79772d
1696764444,2023-10-08 19:27:24,282,13289332,0x746ed74c3f0110a130e7bf464adfdf51da3a8fe4,0xfc13ebe7feb9595d70195e9168aa7f3ace153621,426399,0xb266249e5aa1258393ad84c538145050ead582e46fa754d186e877f645ca08f0
1696764434,2023-10-08 19:27:14,281,13289288,0x746ed74c3f0110a130e7bf464adfdf51da3a8fe4,0xfc13ebe7feb9595d70195e9168aa7f3ace153621,415852,0xe8b2a8b1bc6d620403c758ed9136588a7886e22d702faa59f92b26a29ea7de6f
1696764424,2023-10-08 19:27:04,280,13289236,0x746ed74c3f0110a130e7bf464adfdf51da3a8fe4,0xfc13ebe7feb9595d70195e9168aa7f3ace153621,446729,0x11c0a94f9ab2820a549e61071525c489f79f075c76e52d205f6ac498010773b5
1696764414,2023-10-08 19:26:54,279,13289196,0x746ed74c3f0110a130e7bf464adfdf51da3a8fe4,0xfc13ebe7feb9595d70195e9168aa7f3ace153621,431166,0xb936a2961a0c75ab3f8ba4d6d52a61e905f5373f42082f900c1efbc28e658116
1696764404,2023-10-08 19:26:44,278,13289140,0x746ed74c3f0110a130e7bf464adfdf51da3a8fe4,0xfc13ebe7feb9595d70195e9168aa7f3ace153621,437799,0xfac15a0f1275008b9a7a8feb97bd72ad83f7ba173bdf09777e460a2d51d62e80
1696764399,2023-10-08 19:26:39,277,13289105,0x746ed74c3f0110a130e7bf464adfdf51da3a8fe4,0xfc13ebe7feb9595d70195e9168aa7f3ace153621,448522,0xcbcbde929ecf5f11e70d62b4e550c3964da547f1cbf8243877d72f97b6b922f4
1696764389,2023-10-08 19:26:29,276,13289061,0x746ed74c3f0110a130e7bf464adfdf51da3a8fe4,0xfc13ebe7feb9595d70195e9168aa7f3ace153621,467970,0x979f58931c860a716cb4bc7160545297f80dd81856682f946a88eea171e26ef5
1696764379,2023-10-08 19:26:19,275,13288993,0x746ed74c3f0110a130e7bf464adfdf51da3a8fe4,0xfc13ebe7feb9595d70195e9168aa7f3ace153621,460074,0xd7d3b82731b116f62c3003961a1f843aa6c4d206fc13ac91d7305944d2df4825
1696764369,2023-10-08 19:26:09,274,13288955,0x746ed74c3f0110a130e7bf464adfdf51da3a8fe4,0xfc13ebe7feb9595d70195e9168aa7f3ace153621,512398,0xfa3e46f74624ff3b8ead42152f2133840adda0b81eb4ab9b770fac57eefab5e9
1696764364,2023-10-08 19:26:04,273,13288909,0x746ed74c3f0110a130e7bf464adfdf51da3a8fe4,0xfc13ebe7feb9595d70195e9168aa7f3ace153621,470681,0xc7343008a55ddb09a879690b16f06507700a4addd974e00b3ffbd155b0cf4daa
1696764354,2023-10-08 19:25:54,272,13288864,0x746ed74c3f0110a130e7bf464adfdf51da3a8fe4,0xfc13ebe7feb9595d70195e9168aa7f3ace153621,441599,0xf4f56894f48d7b8eb330b8e2a6d6fc233f11261b31cd87792519373e86a22bb1
1696743123,2023-10-08 13:32:03,271,13179470,0x746ed74c3f0110a130e7bf464adfdf51da3a8fe4,0xfc13ebe7feb9595d70195e9168aa7f3ace153621,471766,0xd34f30b7e3c065184f118b5709eec1d3bdbf47907cf839da9fe06efe4d3cf871
1696743108,2023-10-08 13:31:48,270,13179410,0x746ed74c3f0110a130e7bf464adfdf51da3a8fe4,0xfc13ebe7feb9595d70195e9168aa7f3ace153621,532927,0x291e123c787b35a146235ffed4a0796ec30012f91922a82012765a32e950b0fa
1696743098,2023-10-08 13:31:38,269,13179361,0x746ed74c3f0110a130e7bf464adfdf51da3a8fe4,0xfc13ebe7feb9595d70195e9168aa7f3ace153621,495925,0xbde9be7e52cbb07d96e138cc0b69df91a23a06a1626ca24dd4a677240757fa60
1696743088,2023-10-08 13:31:28,268,13179311,0x746ed74c3f0110a130e7bf464adfdf51da3a8fe4,0xfc13ebe7feb9595d70195e9168aa7f3ace153621,477114,0x941bc0d734f972dc337518ee2d124c62a01f44fe5c76bc0a8b458719727f1856
1696743043,2023-10-08 13:30:43,267,13179130,0x746ed74c3f0110a130e7bf464adfdf51da3a8fe4,0xfc13ebe7feb9595d70195e9168aa7f3ace153621,494809,0x23e78856cda4d77d0c3a8f855efc7660d0e14dc3c743091afacd48ed1add80a1
1696740010,2023-10-08 12:40:10,266,13166656,0x746ed74c3f0110a130e7bf464adfdf51da3a8fe4,0xfc13ebe7feb9595d70195e9168aa7f3ace153621,484862,0xda999f20d0f544d065a31a419ffee1db45545c337a5f3cf6c7cb49d33de5aaa3
1696740000,2023-10-08 12:40:00,265,13166627,0x746ed74c3f0110a130e7bf464adfdf51da3a8fe4,0xfc13ebe7feb9595d70195e9168aa7f3ace153621,477090,0x887143f166083b6b99e051c57d6589c7bfba07801287d9161752b9d7d7e23be2
1696739995,2023-10-08 12:39:55,264,13166607,0x746ed74c3f0110a130e7bf464adfdf51da3a8fe4,0xfc13ebe7feb9595d70195e9168aa7f3ace153621,494781,0xcc1ce0d2354bf9742141cdd2481b67c1bbe229df04d609d1e3fc61107f160bb8
1696739985,2023-10-08 12:39:45,263,13166578,0x746ed74c3f0110a130e7bf464adfdf51da3a8fe4,0xfc13ebe7feb9595d70195e9168aa7f3ace153621,483567,0xbb8d051b70c108ef4d45ddda6d241148fbb28ba1b48b84639418d2a7561de6fc
1696739980,2023-10-08 12:39:40,262,13166554,0x746ed74c3f0110a130e7bf464adfdf51da3a8fe4,0xfc13ebe7feb9595d70195e9168aa7f3ace153621,477265,0x965e1dfc793c5da0d7ec4674ed1e8cab233eb405b4930ddb2841afcb43c0127f
1696739960,2023-10-08 12:39:20,261,13166483,0x746ed74c3f0110a130e7bf464adfdf51da3a8fe4,0xfc13ebe7feb9595d70195e9168aa7f3ace153621,489661,0x95dd7dc171f9770fb924548c266f6acbeae70cd5480ca99e276cf75d84ea497d
1696739950,2023-10-08 12:39:10,260,13166452,0x746ed74c3f0110a130e7bf464adfdf51da3a8fe4,0xfc13ebe7feb9595d70195e9168aa7f3ace153621,496922,0x8c82ef55562703d3a234c6b2b6fb86857845d75fe8991c53e30a14672178fda6
1696739940,2023-10-08 12:39:00,259,13166428,0x746ed74c3f0110a130e7bf464adfdf51da3a8fe4,0xfc13ebe7feb9595d70195e9168aa7f3ace153621,113178,0x4dbe5c0608b3c4a753d65ecaf422a0153ee0252f1427cd9e737de3a15b0c86af
1696739930,2023-10-08 12:38:50,258,13166400,0x746ed74c3f0110a130e7bf464adfdf51da3a8fe4,0xfc13ebe7feb9595d70195e9168aa7f3ace153621,468397,0xa2e53f9c8a814624d25e260a387f88f994576c011888ac62f50c28b028a8642e
1696739920,2023-10-08 12:38:40,257,13166365,0x746ed74c3f0110a130e7bf464adfdf51da3a8fe4,0xfc13ebe7feb9595d70195e9168aa7f3ace153621,477440,0x708b574114bfca6535f1b32a0af305dfbd2c6606bc83b7af66242b1b708b8794
1696739915,2023-10-08 12:38:35,256,13166337,0x746ed74c3f0110a130e7bf464adfdf51da3a8fe4,0xfc13ebe7feb9595d70195e9168aa7f3ace153621,468659,0x3384dd5c4e8b3177bd2bc74c3a3803f889e743372dba24dbc677a11c77be96fb
1696739905,2023-10-08 12:38:25,255,13166296,0x746ed74c3f0110a130e7bf464adfdf51da3a8fe4,0xfc13ebe7feb9595d70195e9168aa7f3ace153621,473620,0xc4a08ad72cd2c25b10da29a406ced644432308a478fd7f8fef46765000f504c0
1696739895,2023-10-08 12:38:15,254,13166261,0x746ed74c3f0110a130e7bf464adfdf51da3a8fe4,0xfc13ebe7feb9595d70195e9168aa7f3ace153621,493726,0xc1daa8be398822b0b9dc52a070a6c193e2756f285e0ad5e774cc0bc13ffa62d6
1696739885,2023-10-08 12:38:05,253,13166212,0x746ed74c3f0110a130e7bf464adfdf51da3a8fe4,0xfc13ebe7feb9595d70195e9168aa7f3ace153621,470500,0x8d0a9064365f2697b9d13218a8b1283e24e50ee6799f736b8b29e050b7efd9b1
1696739875,2023-10-08 12:37:55,252,13166170,0x746ed74c3f0110a130e7bf464adfdf51da3a8fe4,0xfc13ebe7feb9595d70195e9168aa7f3ace153621,475795,0x48c0d34f0a89064f4f7376bf7697ddba504d8da45630c67e642de831df22e4b9
1696739870,2023-10-08 12:37:50,251,13166135,0x746ed74c3f0110a130e7bf464adfdf51da3a8fe4,0xfc13ebe7feb9595d70195e9168aa7f3ace153621,477090,0x25ebc16359b797192192c64272c918aa79b1ffb5cd0efbea26a719c5dd16c7dc
1696739860,2023-10-08 12:37:40,250,13166099,0x746ed74c3f0110a130e7bf464adfdf51da3a8fe4,0xfc13ebe7feb9595d70195e9168aa7f3ace153621,491452,0x954433a6c37bc5f3be72533c65d2b695ab6962c902693c096f82ae2eacb787ad
1696739850,2023-10-08 12:37:30,249,13166073,0x746ed74c3f0110a130e7bf464adfdf51da3a8fe4,0xfc13ebe7feb9595d70195e9168aa7f3ace153621,113178,0x0ec97a7fd96d3ca5f24f91169e8f07209502df2b2db5e3c48af442d57af10063
1696739845,2023-10-08 12:37:25,248,13166045,0x746ed74c3f0110a130e7bf464adfdf51da3a8fe4,0xfc13ebe7feb9595d70195e9168aa7f3ace153621,501867,0xd0ed575a40ef2cacbf7044f5005df4e3d86de9549a73b2e6b71bdab35f071140
1696739835,2023-10-08 12:37:15,247,13166014,0x746ed74c3f0110a130e7bf464adfdf51da3a8fe4,0xfc13ebe7feb9595d70195e9168aa7f3ace153621,477090,0x1b4e97bef719b66f5775a2fa29f9e4f91020b3b29c74131f74c12f4db250ef00
1696739825,2023-10-08 12:37:05,246,13165981,0x746ed74c3f0110a130e7bf464adfdf51da3a8fe4,0xfc13ebe7feb9595d70195e9168aa7f3ace153621,477090,0x8da4c7da7074315672ec5e5b53ec051781c9544127aadc5e7ee1e6592162b94b
1696739815,2023-10-08 12:36:55,245,13165960,0x746ed74c3f0110a130e7bf464adfdf51da3a8fe4,0xfc13ebe7feb9595d70195e9168aa7f3ace153621,468047,0x78ce684a26e40fe750d02d7fc5bc5801e209221bd3f1f55b4862e45b32a08b7d
1696739810,2023-10-08 12:36:50,244,13165936,0x746ed74c3f0110a130e7bf464adfdf51da3a8fe4,0xfc13ebe7feb9595d70195e9168aa7f3ace153621,470675,0xba79052423efe520aaa75a55256a46b183e62b48a6b7ead7577a2b590a20437e
1696739800,2023-10-08 12:36:40,243,13165910,0x746ed74c3f0110a130e7bf464adfdf51da3a8fe4,0xfc13ebe7feb9595d70195e9168aa7f3ace153621,484687,0x185773bc4718b807135ca37f9511b3194eca86b814272fca4391f4213f529761
1696739795,2023-10-08 12:36:35,242,13165890,0x746ed74c3f0110a130e7bf464adfdf51da3a8fe4,0xfc13ebe7feb9595d70195e9168aa7f3ace153621,475970,0xdfb5059e07f2d45f6abe9d00c1213b7242782aecf718588e3dd8756c1990ddc0
1696739785,2023-10-08 12:36:25,241,13165869,0x746ed74c3f0110a130e7bf464adfdf51da3a8fe4,0xfc13ebe7feb9595d70195e9168aa7f3ace153621,477265,0x4dc891821db94f37abcd1d2d09cd64672ce3cfd51009b7b104c3a39af4169956
1696739780,2023-10-08 12:36:20,240,13165846,0x746ed74c3f0110a130e7bf464adfdf51da3a8fe4,0xfc13ebe7feb9595d70195e9168aa7f3ace153621,479096,0xfce3c0e015c2ac1de10423f25a7de506bf471af6f6a8894bdbb28215b8095bd0
1696739775,2023-10-08 12:36:15,239,13165814,0x746ed74c3f0110a130e7bf464adfdf51da3a8fe4,0xfc13ebe7feb9595d70195e9168aa7f3ace153621,460285,0x82a9f4a8c4683eea6d485bacda6734f6a9be3cddb9265ed92effcb1a493f34cc
1696739769,2023-10-08 12:36:09,238,13165791,0x746ed74c3f0110a130e7bf464adfdf51da3a8fe4,0xfc13ebe7feb9595d70195e9168aa7f3ace153621,484536,0x35ccb28d830cf42a12dbd65f8233b8f1506f43e30e8a38744f45e7fe1e6f9380
1696739709,2023-10-08 12:35:09,237,13165621,0x746ed74c3f0110a130e7bf464adfdf51da3a8fe4,0xfc13ebe7feb9595d70195e9168aa7f3ace153621,483416,0x3206b7c628ccb7993d89d07e1ff64176deeeb33872ce647e1c0aa200b8b25eb3
1696739703,2023-10-08 12:35:03,236,13165586,0x746ed74c3f0110a130e7bf464adfdf51da3a8fe4,0xfc13ebe7feb9595d70195e9168aa7f3ace153621,477114,0x7fe7e174d54a50ac8295a97a205ef911875462c7e65f3701f640bfe46ea57342
1696739693,2023-10-08 12:34:53,235,13165563,0x746ed74c3f0110a130e7bf464adfdf51da3a8fe4,0xfc13ebe7feb9595d70195e9168aa7f3ace153621,489510,0x2041a529b365cc86929d691d2a80ca098ba9123dcfc3555a84e67f6f136a05be
1696739688,2023-10-08 12:34:48,234,13165536,0x746ed74c3f0110a130e7bf464adfdf51da3a8fe4,0xfc13ebe7feb9595d70195e9168aa7f3ace153621,477114,0xb3d3a29044bb5c4ce1bbada3c444257c7d54af113948f5f7e3e8e63e4f9736e8
1696739678,2023-10-08 12:34:38,233,13165502,0x746ed74c3f0110a130e7bf464adfdf51da3a8fe4,0xfc13ebe7feb9595d70195e9168aa7f3ace153621,477114,0x2b84e9dbc180a94b7d86e475e1d587d05e47a44e6e8ca9ac2a6aa71e640e35aa
1696739673,2023-10-08 12:34:33,232,13165481,0x746ed74c3f0110a130e7bf464adfdf51da3a8fe4,0xfc13ebe7feb9595d70195e9168aa7f3ace153621,477114,0x268919e195b86a7d062543766cfa66cf991776e327f93bc5daeceed6219463ae
1696739662,2023-10-08 12:34:22,231,13165458,0x746ed74c3f0110a130e7bf464adfdf51da3a8fe4,0xfc13ebe7feb9595d70195e9168aa7f3ace153621,475732,0x335df0df2588baa4b00b885aabaf411c71c3d2fafd8aacca096d422135123d52
1696737238,2023-10-08 11:53:58,230,13155546,0x746ed74c3f0110a130e7bf464adfdf51da3a8fe4,0xfc13ebe7feb9595d70195e9168aa7f3ace153621,505590,0xed2ec29e55cd324a3b5eb0c1bbf1caf97f90195d6d42d94f1ffb3383a855805b
1696737233,2023-10-08 11:53:53,229,13155513,0x746ed74c3f0110a130e7bf464adfdf51da3a8fe4,0xfc13ebe7feb9595d70195e9168aa7f3ace153621,465365,0xcddd376aabf3656ebc36484d1b38efdba953b26c6dc1661526093aa3cbed367a
1696737223,2023-10-08 11:53:43,228,13155466,0x746ed74c3f0110a130e7bf464adfdf51da3a8fe4,0xfc13ebe7feb9595d70195e9168aa7f3ace153621,464519,0x6e7d0b5850102fa9e762d72e7f206d7aab75a66a2d9ae2e5812ce579de5cdb4d
1696737213,2023-10-08 11:53:33,227,13155431,0x746ed74c3f0110a130e7bf464adfdf51da3a8fe4,0xfc13ebe7feb9595d70195e9168aa7f3ace153621,465365,0xe254489bdb088f1d129f8b4467cbcd12688dfd14a2f5061c8a8cb3019e5ea2fe
1696737208,2023-10-08 11:53:28,226,13155387,0x746ed74c3f0110a130e7bf464adfdf51da3a8fe4,0xfc13ebe7feb9595d70195e9168aa7f3ace153621,439293,0x71f0f8ef7e0c14e8a5ccf7f527d7b388916acb500f382705a08dde5a8e41a8ee
1696737188,2023-10-08 11:53:08,225,13155278,0x746ed74c3f0110a130e7bf464adfdf51da3a8fe4,0xfc13ebe7feb9595d70195e9168aa7f3ace153621,482905,0xf4ab4dded85f4a6685411eafdccfd6df19fbe7ce3bc58966bc2a7acb59e308c1
1696737178,2023-10-08 11:52:58,224,13155208,0x746ed74c3f0110a130e7bf464adfdf51da3a8fe4,0xfc13ebe7feb9595d70195e9168aa7f3ace153621,464519,0x66c66297222b706bdefd6fe0b2b9911b1d7465d9c5e133fee4fe41bb7bf16fd7
1696737168,2023-10-08 11:52:48,223,13155166,0x746ed74c3f0110a130e7bf464adfdf51da3a8fe4,0xfc13ebe7feb9595d70195e9168aa7f3ace153621,458104,0x7268fba0c8ee1e23aec6c508d42de73b17b4d532cde5198a0334c9f6833a4f0d
1696737158,2023-10-08 11:52:38,222,13155128,0x746ed74c3f0110a130e7bf464adfdf51da3a8fe4,0xfc13ebe7feb9595d70195e9168aa7f3ace153621,458104,0x62c6f1573cb7ca8b4e8422f5c3d4c7160264434ce7a084dc4ab90255a6f852f2
1696737153,2023-10-08 11:52:33,221,13155082,0x746ed74c3f0110a130e7bf464adfdf51da3a8fe4,0xfc13ebe7feb9595d70195e9168aa7f3ace153621,445708,0xb5abc22165436241bf4f768dc3e495a0302cee7d67a4e83dada9fcefe5611638
1696737143,2023-10-08 11:52:23,220,13155039,0x746ed74c3f0110a130e7bf464adfdf51da3a8fe4,0xfc13ebe7feb9595d70195e9168aa7f3ace153621,497629,0x76b23ab7913ae0d93bb5c8170d33ec9038f32307a1be521f335e7877289e3873
1696737128,2023-10-08 11:52:08,219,13154974,0x746ed74c3f0110a130e7bf464adfdf51da3a8fe4,0xfc13ebe7feb9595d70195e9168aa7f3ace153621,470660,0xf08c1ee3ee13a227aee85afd4fe4bdaed64a13fe62937c1a4b309ecb58c3e51c
1696737118,2023-10-08 11:51:58,218,13154922,0x746ed74c3f0110a130e7bf464adfdf51da3a8fe4,0xfc13ebe7feb9595d70195e9168aa7f3ace153621,488366,0xe7897ebc241cee1cb1786996d6d79ba843ea0560271b79dc432f8da071d9790e
1696737113,2023-10-08 11:51:53,217,13154872,0x746ed74c3f0110a130e7bf464adfdf51da3a8fe4,0xfc13ebe7feb9595d70195e9168aa7f3ace153621,473483,0xb939d69601b12f3b41e628c9f6b566036a0fa292f446142e472d5993419228c0
1696737103,2023-10-08 11:51:43,216,13154830,0x746ed74c3f0110a130e7bf464adfdf51da3a8fe4,0xfc13ebe7feb9595d70195e9168aa7f3ace153621,511976,0xcc0f5a908792f7978a851b64ab0ca49420962a6268f2cd079ea7c55460009f23
1696737098,2023-10-08 11:51:38,215,13154793,0x746ed74c3f0110a130e7bf464adfdf51da3a8fe4,0xfc13ebe7feb9595d70195e9168aa7f3ace153621,489174,0x6aa4f3d7e5cb29d3b0b89eeaf1e1aba1a8a208ebdf3a7fd2d5ac79ab00451706
1696737088,2023-10-08 11:51:28,214,13154733,0x746ed74c3f0110a130e7bf464adfdf51da3a8fe4,0xfc13ebe7feb9595d70195e9168aa7f3ace153621,495589,0xf90f5f4ef01a68ec4f9cdaac09012e48c230656611abcb01a08581b6927ed67c
1696737073,2023-10-08 11:51:13,213,13154673,0x746ed74c3f0110a130e7bf464adfdf51da3a8fe4,0xfc13ebe7feb9595d70195e9168aa7f3ace153621,476953,0x30a1fb9cae9cb0df393b6bfa793a34e17c3c3de80a9456e9e74f9c3e8f7c5bcd
1696737068,2023-10-08 11:51:08,212,13154643,0x746ed74c3f0110a130e7bf464adfdf51da3a8fe4,0xfc13ebe7feb9595d70195e9168aa7f3ace153621,465243,0x50490e3732a73e86a8c3d3d04e6ddb17dc2372c394faebe2b4ddc299880802c3
1696737058,2023-10-08 11:50:58,211,13154610,0x746ed74c3f0110a130e7bf464adfdf51da3a8fe4,0xfc13ebe7feb9595d70195e9168aa7f3ace153621,495589,0x304f5d9ff1d9ce85aeb28a39dc3622bfbe354813e8377a51a7a9621959dd0bcb
1696737048,2023-10-08 11:50:48,210,13154575,0x746ed74c3f0110a130e7bf464adfdf51da3a8fe4,0xfc13ebe7feb9595d70195e9168aa7f3ace153621,503025,0x3cd8bfd228e7323ad12a47f1833304633d3b89f13281abc9d934ca15dfb8dd41
1696737043,2023-10-08 11:50:43,209,13154536,0x746ed74c3f0110a130e7bf464adfdf51da3a8fe4,0xfc13ebe7feb9595d70195e9168aa7f3ace153621,503025,0x8ede3e78a5fdfcea8e6d809449296273639ecc6cb2c89f05c708ae3138a9a559
1696737033,2023-10-08 11:50:33,208,13154502,0x746ed74c3f0110a130e7bf464adfdf51da3a8fe4,0xfc13ebe7feb9595d70195e9168aa7f3ace153621,470538,0xe403f57172616dc4490c9d618a840822fbcb25f6bd31c218f7df286214c4b3a2
1696737023,2023-10-08 11:50:23,207,13154475,0x746ed74c3f0110a130e7bf464adfdf51da3a8fe4,0xfc13ebe7feb9595d70195e9168aa7f3ace153621,481601,0x6752098e4d55f0eda9893d39c1d26fdcd06d5005f7867f8e656bd124a9ea046c
1696737018,2023-10-08 11:50:18,206,13154448,0x746ed74c3f0110a130e7bf464adfdf51da3a8fe4,0xfc13ebe7feb9595d70195e9168aa7f3ace153621,501905,0x20700e3727a26a18babb86ca1e126a01b2f8ce13393811020338bc25b6f77f5f
1696737008,2023-10-08 11:50:08,205,13154399,0x746ed74c3f0110a130e7bf464adfdf51da3a8fe4,0xfc13ebe7feb9595d70195e9168aa7f3ace153621,467823,0xc5c5e23eb896f9b895de27c9958a8fc7519c0a1f7008fedb5d973547e75c687e
1696736993,2023-10-08 11:49:53,204,13154327,0x746ed74c3f0110a130e7bf464adfdf51da3a8fe4,0xfc13ebe7feb9595d70195e9168aa7f3ace153621,499655,0x5c48503ac97cdb8cf85df1a2ebfe3c669e78b372c35b60e1f760d50e0f791f39
1696736968,2023-10-08 11:49:28,203,13154211,0x746ed74c3f0110a130e7bf464adfdf51da3a8fe4,0x78c1b0c915c4faa5fffa6cabf0219da63d7f4cb8,46565,0x152e6c1db101e9cdf8defd90fde1673de69c9f6e0179b37be67889cf80719317
1696736963,2023-10-08 11:49:23,202,13154191,0x746ed74c3f0110a130e7bf464adfdf51da3a8fe4,0x201eba5cc46d216ce6dc03f6a759e8e766e956ae,46599,0xe4eaf043515de0da8a4446ddc7e244113fa823818d873275f8275108a013c0b0
1696736913,2023-10-08 11:48:33,201,13153969,0x746ed74c3f0110a130e7bf464adfdf51da3a8fe4,0x4bf659ca398a73aaf73818f0c64c838b9e229c08,341447,0x1451d6bd778510fc7e12ecd8f6452f9d553c202ff9a0fef28b28015c2d00fcd4
1696483389,2023-10-05 13:23:09,200,12293081,0x746ed74c3f0110a130e7bf464adfdf51da3a8fe4,0x201eba5cc46d216ce6dc03f6a759e8e766e956ae,46700,0xa52ad6f59b84c25211a550f9feff67b1657e7f53aaec75692038fe27405bc4eb
1696483349,2023-10-05 13:22:29,199,12292816,0x746ed74c3f0110a130e7bf464adfdf51da3a8fe4,0x6b16b4fa3dd11cf049acd3cf820996f72c90c43b,21000,0x5ec8edd01294ff9caf8941e7645ec24c44cac77309b42cce7ee70f439eae71ee
1696482934,2023-10-05 13:15:34,198,12290375,0x746ed74c3f0110a130e7bf464adfdf51da3a8fe4,0x611575ee1fbd4f7915d0eabcc518ed396ff78f0c,257741,0x2eb29f319b43e058a777951aaf88d10cb1c7a68764f60236d0e3cacb59f869c8
1696482433,2023-10-05 13:07:13,197,12287911,0x746ed74c3f0110a130e7bf464adfdf51da3a8fe4,0x611575ee1fbd4f7915d0eabcc518ed396ff78f0c,240334,0x6151bb990491f8a946d9b180167568a7a548a56753fdf5d168305757f2a470da
1696482428,2023-10-05 13:07:08,196,12287896,0x746ed74c3f0110a130e7bf464adfdf51da3a8fe4,0x611575ee1fbd4f7915d0eabcc518ed396ff78f0c,240334,0xcfbca6def98c09ad8c75872fa9573fb6c73ede851704ac92d801ac38033292d1
1696482423,2023-10-05 13:07:03,195,12287881,0x746ed74c3f0110a130e7bf464adfdf51da3a8fe4,0x611575ee1fbd4f7915d0eabcc518ed396ff78f0c,252141,0xb5ade9df8e050647c5fcb084bef2ee2cde68832f11f33f04cd461f713f3b893c
1696482423,2023-10-05 13:07:03,194,12287859,0x746ed74c3f0110a130e7bf464adfdf51da3a8fe4,0x611575ee1fbd4f7915d0eabcc518ed396ff78f0c,245934,0x760e0ac9e6a91e70245cc6691720ce717f7344ce68eb1c0a6f8136062a889993
1696482418,2023-10-05 13:06:58,193,12287841,0x746ed74c3f0110a130e7bf464adfdf51da3a8fe4,0x611575ee1fbd4f7915d0eabcc518ed396ff78f0c,240334,0xfda5f8139f37451d6d4b36b15d1022698b0d2ea85d2592b747c7f42ca134b511
1696482413,2023-10-05 13:06:53,192,12287817,0x746ed74c3f0110a130e7bf464adfdf51da3a8fe4,0x611575ee1fbd4f7915d0eabcc518ed396ff78f0c,252141,0xd787810e89479e14d8794e7401cb66bf1c6b56b44000c2228eb61ae22da279ea
1696482408,2023-10-05 13:06:48,191,12287793,0x746ed74c3f0110a130e7bf464adfdf51da3a8fe4,0x611575ee1fbd4f7915d0eabcc518ed396ff78f0c,252141,0x3f42d86540e1204099d9f4a521e44a18d2f0ecae2b2e2552d2fb5b2f8b1a498e
1696482403,2023-10-05 13:06:43,190,12287780,0x746ed74c3f0110a130e7bf464adfdf51da3a8fe4,0x611575ee1fbd4f7915d0eabcc518ed396ff78f0c,240334,0x8ef614ec5c2b16d4473501f75c68ad1717c1b3a3b0f6e9a6e13632161b289d1f
1696482403,2023-10-05 13:06:43,189,12287763,0x746ed74c3f0110a130e7bf464adfdf51da3a8fe4,0x611575ee1fbd4f7915d0eabcc518ed396ff78f0c,257741,0xaf20481832089ac2e8418ceb0480727516263db8a4df248f9600aadeb2dd11a9
1696482368,2023-10-05 13:06:08,78757,12287618,0xf89d7b9c864f589bbf53a82105107622b35eaa40,0x746ed74c3f0110a130e7bf464adfdf51da3a8fe4,21000,0xa0294849415a7fadaefb3cc5996a0d79541faa48522d0b61e80d915c1eee70cf
1696481193,2023-10-05 12:46:33,188,12281734,0x746ed74c3f0110a130e7bf464adfdf51da3a8fe4,0x611575ee1fbd4f7915d0eabcc518ed396ff78f0c,257741,0xd7679a02b8700c96370baaa172f1bdb126a9a4f2cb1e4bc30fbf08eb32897778
1696481068,2023-10-05 12:44:28,187,12281130,0x746ed74c3f0110a130e7bf464adfdf51da3a8fe4,0x611575ee1fbd4f7915d0eabcc518ed396ff78f0c,252141,0x5739b61a585ace5b091e95c23907b347a8441b19538ffa50ee10a229d0ea5396
1696481058,2023-10-05 12:44:18,186,12281085,0x746ed74c3f0110a130e7bf464adfdf51da3a8fe4,0x611575ee1fbd4f7915d0eabcc518ed396ff78f0c,240334,0xe0b9eb613d721435d682953997e7af17a1d7b96e224cdec0d910be0dac12f7f5
1696481053,2023-10-05 12:44:13,185,12281054,0x746ed74c3f0110a130e7bf464adfdf51da3a8fe4,0x611575ee1fbd4f7915d0eabcc518ed396ff78f0c,252141,0x4353a48a71eb5cadca38eccfe079d3e439289471238936ffd0d9d629cfae5e01
1696481043,2023-10-05 12:44:03,184,12281002,0x746ed74c3f0110a130e7bf464adfdf51da3a8fe4,0x611575ee1fbd4f7915d0eabcc518ed396ff78f0c,240334,0xa864b4fd060b69243e64d5b2a6a534ac0fb12724e1a7674a53101123ed0b0500
1696481033,2023-10-05 12:43:53,183,12280960,0x746ed74c3f0110a130e7bf464adfdf51da3a8fe4,0x611575ee1fbd4f7915d0eabcc518ed396ff78f0c,297530,0x8d58d129cd7c350e384b55be0b31c799b476c0b6a4c650f94a431d9162f6c3cf
1696477738,2023-10-05 11:48:58,182,12266217,0x746ed74c3f0110a130e7bf464adfdf51da3a8fe4,0xfc13ebe7feb9595d70195e9168aa7f3ace153621,475911,0x94f7dbf8d8582a18365795b13b5e29432b8df0d0b09ef24fcb90e978cde8bc47
1696477733,2023-10-05 11:48:53,181,12266179,0x746ed74c3f0110a130e7bf464adfdf51da3a8fe4,0xfc13ebe7feb9595d70195e9168aa7f3ace153621,476173,0x29a035029c07205daa79fd85f8c4828a6fd87fe14d7be2f286a724ab3c48673e
1696477708,2023-10-05 11:48:28,180,12266093,0x746ed74c3f0110a130e7bf464adfdf51da3a8fe4,0xfc13ebe7feb9595d70195e9168aa7f3ace153621,470465,0x3c868bccc8e855097a2878b4bffec8b78d1f725c116b3b90f29d78261daba8a0
1696477708,2023-10-05 11:48:28,179,12266087,0x746ed74c3f0110a130e7bf464adfdf51da3a8fe4,0xfc13ebe7feb9595d70195e9168aa7f3ace153621,470660,0x0a4bb75f585552dc23e8f60b996f8bac7c09e04d165a11f31e79197e19bfb96e
1696476744,2023-10-05 11:32:24,178,12262455,0x746ed74c3f0110a130e7bf464adfdf51da3a8fe4,0xfc13ebe7feb9595d70195e9168aa7f3ace153621,474792,0xa8a9851ee9571cae27211515f508541d375472692be35c0f031e9ec1a497c352
1696476739,2023-10-05 11:32:19,177,12262425,0x746ed74c3f0110a130e7bf464adfdf51da3a8fe4,0xfc13ebe7feb9595d70195e9168aa7f3ace153621,470377,0x317bca52e92c8c219ac205faff9b1d79fd2414cafda4d79da7fba350776f36b3
1696476724,2023-10-05 11:32:04,176,12262384,0x746ed74c3f0110a130e7bf464adfdf51da3a8fe4,0xfc13ebe7feb9595d70195e9168aa7f3ace153621,507575,0x76b5b80405d78eef2bb3d2781606bb52847808c9bd4721135230462e4434bcc6
1696476719,2023-10-05 11:31:59,175,12262347,0x746ed74c3f0110a130e7bf464adfdf51da3a8fe4,0xfc13ebe7feb9595d70195e9168aa7f3ace153621,470377,0x9dcd74ac495fe1466b336ca80ddcefd188578feda9ac2317aa06e208b06c108d
1696476236,2023-10-05 11:23:56,174,12260418,0x746ed74c3f0110a130e7bf464adfdf51da3a8fe4,0xfc13ebe7feb9595d70195e9168aa7f3ace153621,491319,0x8af7fefeb74c945e13eddfda99487cb4c17f6a9d73c122578513d940fd18d259
1696476221,2023-10-05 11:23:41,173,12260368,0x746ed74c3f0110a130e7bf464adfdf51da3a8fe4,0xfc13ebe7feb9595d70195e9168aa7f3ace153621,476782,0xe6bdda7bceea60e16af1b81f6c64187264b9341e149117490d862445fec7d757
1696476211,2023-10-05 11:23:31,172,12260334,0x746ed74c3f0110a130e7bf464adfdf51da3a8fe4,0xfc13ebe7feb9595d70195e9168aa7f3ace153621,495768,0x8073522a4cf3da889404a0cbdbcae77e340cbc69f245cfe2db93dcabfe9b8eb7
1696476206,2023-10-05 11:23:26,171,12260305,0x746ed74c3f0110a130e7bf464adfdf51da3a8fe4,0xfc13ebe7feb9595d70195e9168aa7f3ace153621,470280,0x834eb4168019bfb63884f4a33aed2b24d61fb8c2c087249222461cbbd103b11c
1696476196,2023-10-05 11:23:16,170,12260271,0x746ed74c3f0110a130e7bf464adfdf51da3a8fe4,0xfc13ebe7feb9595d70195e9168aa7f3ace153621,476957,0x47d0d9af6c20e9d5b16416274a17d57300bc1355029cd37a699618d689025b91
1696476186,2023-10-05 11:23:06,169,12260246,0x746ed74c3f0110a130e7bf464adfdf51da3a8fe4,0xfc13ebe7feb9595d70195e9168aa7f3ace153621,468089,0xed18dc4a8851db145b3b755984754c2c3f3a17401a9f74677c0f4688e5311725
1696476181,2023-10-05 11:23:01,168,12260214,0x746ed74c3f0110a130e7bf464adfdf51da3a8fe4,0xfc13ebe7feb9595d70195e9168aa7f3ace153621,454834,0x763ec0aa63387b697fc462ccc26c7b637c972e4fc6d30e1bff5f1aeadf3010a9
1696476171,2023-10-05 11:22:51,167,12260170,0x746ed74c3f0110a130e7bf464adfdf51da3a8fe4,0xfc13ebe7feb9595d70195e9168aa7f3ace153621,462213,0xc24cce3155e9b039d2603b517fcbc0cede57d931678a80e58e6966586faeae1e
1696476151,2023-10-05 11:22:31,166,12260078,0x746ed74c3f0110a130e7bf464adfdf51da3a8fe4,0xfc13ebe7feb9595d70195e9168aa7f3ace153621,473487,0x669eefb4def713e8af58ec1599ca905d76a06e0e6a2facd0216b283e9d08778a
1696476141,2023-10-05 11:22:21,165,12260040,0x746ed74c3f0110a130e7bf464adfdf51da3a8fe4,0xfc13ebe7feb9595d70195e9168aa7f3ace153621,446869,0x1124e5c1114cc39da61d7588a2575d0b6391d00342e000ed364231262198d418
1696476121,2023-10-05 11:22:01,164,12259953,0x746ed74c3f0110a130e7bf464adfdf51da3a8fe4,0xfc13ebe7feb9595d70195e9168aa7f3ace153621,467034,0xa5137594e2c6ecfd6e793984c8853c804fada97b3754e22240164863c4a64047
1696476101,2023-10-05 11:21:41,163,12259870,0x746ed74c3f0110a130e7bf464adfdf51da3a8fe4,0xfc13ebe7feb9595d70195e9168aa7f3ace153621,503029,0x626a8088849a8fe0b3c3c4b71da8b174226623f7092f33b6b3519d4f19779e39
1696476096,2023-10-05 11:21:36,162,12259835,0x746ed74c3f0110a130e7bf464adfdf51da3a8fe4,0xfc13ebe7feb9595d70195e9168aa7f3ace153621,464985,0xe68e5d4a8179e401bbad183dc6276d9c6ad6f80623a47fe85d5dbdded78b62a1
1696476086,2023-10-05 11:21:26,161,12259804,0x746ed74c3f0110a130e7bf464adfdf51da3a8fe4,0xfc13ebe7feb9595d70195e9168aa7f3ace153621,476957,0x910c860fff08d7622ffb2ce65ffa0a0801845280115585bafb8173e87ff532cf
1696476076,2023-10-05 11:21:16,160,12259765,0x746ed74c3f0110a130e7bf464adfdf51da3a8fe4,0xfc13ebe7feb9595d70195e9168aa7f3ace153621,483796,0xa2869ab9afd28ee725d582f9d7200641d5d1854082184abc05627937df862423
1696476066,2023-10-05 11:21:06,159,12259709,0x746ed74c3f0110a130e7bf464adfdf51da3a8fe4,0xfc13ebe7feb9595d70195e9168aa7f3ace153621,465247,0x55e01c57701a6637b52fbd658e9e3f944b9463852dc74ebcb7eb4191e0a8401a
1696476056,2023-10-05 11:20:56,158,12259674,0x746ed74c3f0110a130e7bf464adfdf51da3a8fe4,0xfc13ebe7feb9595d70195e9168aa7f3ace153621,476764,0x7e809ecc568b8556b407787d68f17375b41d990d506eef0721ab44fe03ea133c
1696476051,2023-10-05 11:20:51,157,12259633,0x746ed74c3f0110a130e7bf464adfdf51da3a8fe4,0xfc13ebe7feb9595d70195e9168aa7f3ace153621,501716,0xdf8f3d890dc2ac310f618a343b77bb1752fdf7d437a49314cf68f88305fcb24c
1696476041,2023-10-05 11:20:41,156,12259587,0x746ed74c3f0110a130e7bf464adfdf51da3a8fe4,0xfc13ebe7feb9595d70195e9168aa7f3ace153621,552920,0x5ef4b048efa3a2d9d6468dcf5eeec99a0da3e6093bf06dc51e0f04d1b7b1e03c
1696476031,2023-10-05 11:20:31,155,12259547,0x746ed74c3f0110a130e7bf464adfdf51da3a8fe4,0xfc13ebe7feb9595d70195e9168aa7f3ace153621,475644,0x4fb9622e6d984cee5377d4facf9a5231a0d47fd0bec2316651cf42f3da6dc15c
1696476021,2023-10-05 11:20:21,154,12259505,0x746ed74c3f0110a130e7bf464adfdf51da3a8fe4,0xfc13ebe7feb9595d70195e9168aa7f3ace153621,484536,0xe664f6128667cb0108399b8c2591f71ea0bdf8c2edc1ef884ec28e2ccf11d54e
1696476011,2023-10-05 11:20:11,153,12259470,0x746ed74c3f0110a130e7bf464adfdf51da3a8fe4,0xfc13ebe7feb9595d70195e9168aa7f3ace153621,470524,0xe03cdae851b06ebc0fafe65645a4c7b07ffbcf9436024a3c694bc442c6449625
1696476006,2023-10-05 11:20:06,152,12259428,0x746ed74c3f0110a130e7bf464adfdf51da3a8fe4,0xfc13ebe7feb9595d70195e9168aa7f3ace153621,476939,0x50e08ee4b1b39e190dde632d8368c5676cc8cb8f0e545fccf977fccc709ca1f8
1696475996,2023-10-05 11:19:56,151,12259374,0x746ed74c3f0110a130e7bf464adfdf51da3a8fe4,0xfc13ebe7feb9595d70195e9168aa7f3ace153621,467809,0x736eed99d1b28f67a27428c203a43a585c28ad3f80ad9703f052d6c8d87bdc5e
1696475986,2023-10-05 11:19:46,150,12259337,0x746ed74c3f0110a130e7bf464adfdf51da3a8fe4,0xfc13ebe7feb9595d70195e9168aa7f3ace153621,484711,0xefaa8a87233d0395dbba2efa8535c16323ba6d04e59bd1c6a17e17069d067eb3
1696475976,2023-10-05 11:19:36,149,12259297,0x746ed74c3f0110a130e7bf464adfdf51da3a8fe4,0xfc13ebe7feb9595d70195e9168aa7f3ace153621,469366,0xa03c21478e62a6f4803bb8060dad2960dbdc1c53b667fc20c9f8713b69c78bee
1696475961,2023-10-05 11:19:21,148,12259216,0x746ed74c3f0110a130e7bf464adfdf51da3a8fe4,0xfc13ebe7feb9595d70195e9168aa7f3ace153621,494455,0xae2e2c86752dc2d1ab73a4289988fe8d3fa114ebcce22f50f934a44d77570a0e
1696475951,2023-10-05 11:19:11,147,12259170,0x746ed74c3f0110a130e7bf464adfdf51da3a8fe4,0xfc13ebe7feb9595d70195e9168aa7f3ace153621,476939,0xc4c2a69385281dae69d4abd4d016d34c469775e1150ad9b97bf163d801335021
1696475831,2023-10-05 11:17:11,146,12258693,0x746ed74c3f0110a130e7bf464adfdf51da3a8fe4,0xfc13ebe7feb9595d70195e9168aa7f3ace153621,475557,0x62e476bea3c9434a20ce9845a399481407b6224cffd92ae3d530b366fa406661
1696475821,2023-10-05 11:17:01,145,12258663,0x746ed74c3f0110a130e7bf464adfdf51da3a8fe4,0xfc13ebe7feb9595d70195e9168aa7f3ace153621,469191,0xb1de6118315bac40d3b97417bbd06c4842dfbf8a04b5064404a269065ea3b483
1696475811,2023-10-05 11:16:51,144,12258616,0x746ed74c3f0110a130e7bf464adfdf51da3a8fe4,0xfc13ebe7feb9595d70195e9168aa7f3ace153621,468071,0x60a6f7cf6e7cb84b3b7b69055316e6f7a4f9c1ddf3639db7ce43c8b9c3b1d0f4
1696475806,2023-10-05 11:16:46,143,12258576,0x746ed74c3f0110a130e7bf464adfdf51da3a8fe4,0xfc13ebe7feb9595d70195e9168aa7f3ace153621,477114,0xe9091a8d01981738b903ac7eb969d64bb4dec18d4ce266280591d687318bad80
1696475796,2023-10-05 11:16:36,142,12258532,0x746ed74c3f0110a130e7bf464adfdf51da3a8fe4,0xfc13ebe7feb9595d70195e9168aa7f3ace153621,495925,0xd91ea544aafda08f56fafa3420ea8ec01a7110976fc6ac6aa6380cc159a9864c
1696475786,2023-10-05 11:16:26,141,12258498,0x746ed74c3f0110a130e7bf464adfdf51da3a8fe4,0xfc13ebe7feb9595d70195e9168aa7f3ace153621,477114,0x42354cc26f13d27466bf6c57fd3192752c459907932a2d663c5d7d029f8d1a5b
1696475776,2023-10-05 11:16:16,140,12258445,0x746ed74c3f0110a130e7bf464adfdf51da3a8fe4,0xfc13ebe7feb9595d70195e9168aa7f3ace153621,476468,0xfe19aceecbbbc784caba4967987486bcf5463a85980a3be7e4e2c78748665f3d
1696475771,2023-10-05 11:16:11,139,12258406,0x746ed74c3f0110a130e7bf464adfdf51da3a8fe4,0xfc13ebe7feb9595d70195e9168aa7f3ace153621,469191,0x2a2e6c2cb4bfbe5bfd67744a9dca2f0aea3519772eef7461c062196b58aa4de6
1696475761,2023-10-05 11:16:01,138,12258367,0x746ed74c3f0110a130e7bf464adfdf51da3a8fe4,0xfc13ebe7feb9595d70195e9168aa7f3ace153621,469191,0xe668b65f5d662cd08a08c0e39379ab47d33e10d4f3ab16406f49306418f16d9c
1696475756,2023-10-05 11:15:56,137,12258328,0x746ed74c3f0110a130e7bf464adfdf51da3a8fe4,0xfc13ebe7feb9595d70195e9168aa7f3ace153621,477114,0xb848d7b3748f0cd7982ff37d4bbbf0f0c6c119341383af5ca128d01fdc9314ea
1696475741,2023-10-05 11:15:41,136,12258244,0x746ed74c3f0110a130e7bf464adfdf51da3a8fe4,0xfc13ebe7feb9595d70195e9168aa7f3ace153621,495925,0x72bd6e71d88e7c983136742a091ee076bbf80e55d747629c91bb51140897e9a2
1696475731,2023-10-05 11:15:31,135,12258213,0x746ed74c3f0110a130e7bf464adfdf51da3a8fe4,0xfc13ebe7feb9595d70195e9168aa7f3ace153621,469366,0xefd78283dcf8ab4096d0df0606f37fce019986016c9e029a0730f2bf03f5a2a3
1696475721,2023-10-05 11:15:21,134,12258161,0x746ed74c3f0110a130e7bf464adfdf51da3a8fe4,0xfc13ebe7feb9595d70195e9168aa7f3ace153621,469366,0x12d7fac710d41c73acc6a658a8bee6664ebebad5424728fc1cb287b861a3520e
1696475711,2023-10-05 11:15:11,133,12258120,0x746ed74c3f0110a130e7bf464adfdf51da3a8fe4,0xfc13ebe7feb9595d70195e9168aa7f3ace153621,468246,0x603f164d17b9d49d3bba8ba7fc2cb65a5fd043a4a1e929f76d4edcacf87610c7
1696475701,2023-10-05 11:15:01,132,12258077,0x746ed74c3f0110a130e7bf464adfdf51da3a8fe4,0xfc13ebe7feb9595d70195e9168aa7f3ace153621,492280,0xa822fc1c66a8df68a61f5fa342ee503bb55eb8fffb35f3fc6a2e78a9a70cf08f
1696475676,2023-10-05 11:14:36,131,12257967,0x746ed74c3f0110a130e7bf464adfdf51da3a8fe4,0xfc13ebe7feb9595d70195e9168aa7f3ace153621,465711,0xffccf7b4193819da9a9a0a9c6ee0c7b91673523c85c3e528ac2835b0a6d8580a
1696475666,2023-10-05 11:14:26,130,12257921,0x746ed74c3f0110a130e7bf464adfdf51da3a8fe4,0xfc13ebe7feb9595d70195e9168aa7f3ace153621,500826,0xb70ac03059d6b138a986fb216b6cca731403269658fb304858b55e4f706df094
1696475651,2023-10-05 11:14:11,129,12257837,0x746ed74c3f0110a130e7bf464adfdf51da3a8fe4,0xfc13ebe7feb9595d70195e9168aa7f3ace153621,485817,0x490b63069817026fc79b48d9fefb3189bd8ea6e1f306692e26bb118c70463e1d
1696475641,2023-10-05 11:14:01,128,12257780,0x746ed74c3f0110a130e7bf464adfdf51da3a8fe4,0xfc13ebe7feb9595d70195e9168aa7f3ace153621,504703,0xfed759f08e8d7e3fb61c6fbad56a777505fd957b970f92e5c9bab4eb380b04f5
1696475621,2023-10-05 11:13:41,127,12257686,0x746ed74c3f0110a130e7bf464adfdf51da3a8fe4,0xfc13ebe7feb9595d70195e9168aa7f3ace153621,464145,0x4a57659e50771b8e56167b6b1781fbbba4db7c72204a42c58236a5f56c479000
1696475611,2023-10-05 11:13:31,126,12257646,0x746ed74c3f0110a130e7bf464adfdf51da3a8fe4,0xfc13ebe7feb9595d70195e9168aa7f3ace153621,444214,0x477ba91121b64f26b6a693f59458a285ef539d5d953f3510f01a6a9ca9000550
1696475601,2023-10-05 11:13:21,125,12257597,0x746ed74c3f0110a130e7bf464adfdf51da3a8fe4,0xfc13ebe7feb9595d70195e9168aa7f3ace153621,113192,0x279054e077ecf608ed3738f11ab4f934bc6cf036eea980fbb9dc981928c14d46
1696475591,2023-10-05 11:13:11,124,12257552,0x746ed74c3f0110a130e7bf464adfdf51da3a8fe4,0xfc13ebe7feb9595d70195e9168aa7f3ace153621,494445,0xa6bf30723aa039b09f8e2e63ff2e6083d4ca210708609e6244649ea3e5f9a1c6
1696475581,2023-10-05 11:13:01,123,12257499,0x746ed74c3f0110a130e7bf464adfdf51da3a8fe4,0xfc13ebe7feb9595d70195e9168aa7f3ace153621,475634,0x373d940abd88ad1c0e9205a72492906866d21c42fd5b68f750483d6909920437
1696475571,2023-10-05 11:12:51,122,12257475,0x746ed74c3f0110a130e7bf464adfdf51da3a8fe4,0xfc13ebe7feb9595d70195e9168aa7f3ace153621,469181,0xac324d423109d5394bb54d982539d44c2d60ad46410ce4b7cc00846863ae4125
1696475561,2023-10-05 11:12:41,121,12257441,0x746ed74c3f0110a130e7bf464adfdf51da3a8fe4,0xfc13ebe7feb9595d70195e9168aa7f3ace153621,470514,0xe69980a131acdaa14abc84e57ca012e78aaae8353e0c116884165a0055177317
1696475556,2023-10-05 11:12:36,120,12257408,0x746ed74c3f0110a130e7bf464adfdf51da3a8fe4,0xfc13ebe7feb9595d70195e9168aa7f3ace153621,431346,0xa03a29c8c46153bb1ebc6404211472deef80d7609d13511c8d2667d20e0ad4d9
1696475546,2023-10-05 11:12:26,119,12257381,0x746ed74c3f0110a130e7bf464adfdf51da3a8fe4,0xfc13ebe7feb9595d70195e9168aa7f3ace153621,437761,0x62ca741fb6e20d212e3a823792eb9380a6a5183a08e49e637252c7538e39c7bf
1696475541,2023-10-05 11:12:21,118,12257357,0x746ed74c3f0110a130e7bf464adfdf51da3a8fe4,0xfc13ebe7feb9595d70195e9168aa7f3ace153621,477104,0x23660dea0f00bca6a34136efbfa918bf1b9406e060ef9d371fd791f6cd5fa5cf
1696475531,2023-10-05 11:12:11,117,12257319,0x746ed74c3f0110a130e7bf464adfdf51da3a8fe4,0xfc13ebe7feb9595d70195e9168aa7f3ace153621,467356,0x2d2aa1e75b18d117a00df8940ade306cba04cc82ad3f5adf93a51d321d9afa93
1696473737,2023-10-05 10:42:17,116,12249738,0x746ed74c3f0110a130e7bf464adfdf51da3a8fe4,0xfc13ebe7feb9595d70195e9168aa7f3ace153621,493764,0xf6081f880d8cc1e8a3895c220e9909673f6bb4ad870fd272a595c79eeb4c9437
1696473727,2023-10-05 10:42:07,115,12249685,0x746ed74c3f0110a130e7bf464adfdf51da3a8fe4,0xfc13ebe7feb9595d70195e9168aa7f3ace153621,462790,0x2e01eb06764e9960b8b2fcd5a2f05bfa55ac2616e9728f55e5843b072a5b6e8f
1696473717,2023-10-05 10:41:57,114,12249649,0x746ed74c3f0110a130e7bf464adfdf51da3a8fe4,0xfc13ebe7feb9595d70195e9168aa7f3ace153621,468085,0x1f0d85cb3c129cfaba89a325366a38919c24e18cdc103d82035b68022b3d1993
1696473711,2023-10-05 10:41:51,113,12249608,0x746ed74c3f0110a130e7bf464adfdf51da3a8fe4,0xfc13ebe7feb9595d70195e9168aa7f3ace153621,477128,0x402dbedcd4e0335997132b435257419a5ce4674114e33645b072b8914b844582
1696473701,2023-10-05 10:41:41,112,12249570,0x746ed74c3f0110a130e7bf464adfdf51da3a8fe4,0xfc13ebe7feb9595d70195e9168aa7f3ace153621,457671,0xa9f8039c49dcd43184f901d7ba9642f9aa0fdf647bc258f7bee005671e706934
1696473681,2023-10-05 10:41:21,111,12249475,0x746ed74c3f0110a130e7bf464adfdf51da3a8fe4,0x78c1b0c915c4faa5fffa6cabf0219da63d7f4cb8,34877,0x0d5d5d3c3d34bebdeee1a26f918650027a29cc92e8272414084c781370aaf4a8
1696473646,2023-10-05 10:40:46,110,12249346,0x746ed74c3f0110a130e7bf464adfdf51da3a8fe4,0x4bf659ca398a73aaf73818f0c64c838b9e229c08,170559,0x8fb3693cd081fb0ec6bead640c18f7b042bbb85d67ac5bcfc2bd801a44bad7b3
1696397585,2023-10-04 13:33:05,285,12027001,0x3dd7e06fae9d35e04f317d7a2e9077db3d952d7d,0x746ed74c3f0110a130e7bf464adfdf51da3a8fe4,21000,0x9fa88e3daf0f5811716c989e3e66c72c99b181fe7e9a832c97bbd225ad9466d0
1696397555,2023-10-04 13:32:35,211,12026829,0x97a23831614c45a8fb211ff711ed3f8ba6b612c5,0x746ed74c3f0110a130e7bf464adfdf51da3a8fe4,21000,0x7c1e71c2b46f171520fd23ee1fe271489b38e072ed6f645bebf67a645980fb18
1696134763,2023-10-01 12:32:43,109,11262290,0x746ed74c3f0110a130e7bf464adfdf51da3a8fe4,0xce16f69375520ab01377ce7b88f5ba8c48f8d666,480948,0xce3632e5334dded93c28e0e367c06a79f888e4643a474481274104cd624318c8
1696134708,2023-10-01 12:31:48,108,11262054,0x746ed74c3f0110a130e7bf464adfdf51da3a8fe4,0xce16f69375520ab01377ce7b88f5ba8c48f8d666,579215,0xb12f5310c7c955a2da2a8821c23f97c237494122fa820c123f083647687b792c
1695961063,2023-09-29 12:17:43,107,10733346,0x746ed74c3f0110a130e7bf464adfdf51da3a8fe4,0x3dd7e06fae9d35e04f317d7a2e9077db3d952d7d,21000,0x70e9a4346fe27b9844814458c25ce0f2525b224c819b52dfe658d6060d40c47c
1695960903,2023-09-29 12:15:03,110,10732542,0x6b16b4fa3dd11cf049acd3cf820996f72c90c43b,0x746ed74c3f0110a130e7bf464adfdf51da3a8fe4,21000,0xd986e46bdb9a5f35478b913b0e3573b9dce7454e33196a4c1017d8d5bf6b02e5
1695960538,2023-09-29 12:08:58,119,10730581,0x97a23831614c45a8fb211ff711ed3f8ba6b612c5,0x746ed74c3f0110a130e7bf464adfdf51da3a8fe4,21000,0x79a74aaca75ee9b59dd1bad4e912d1c9b9e04cb36f390de957279c6d3bfa0941
1695960508,2023-09-29 12:08:28,132,10730390,0x3dd7e06fae9d35e04f317d7a2e9077db3d952d7d,0x746ed74c3f0110a130e7bf464adfdf51da3a8fe4,21000,0x9b43618cfe616c099b7e5cf46e2c3933189d6f319f9c3d1dc9791301872e6099
1695612854,2023-09-25 11:34:14,106,9632084,0x746ed74c3f0110a130e7bf464adfdf51da3a8fe4,0x97a23831614c45a8fb211ff711ed3f8ba6b612c5,21000,0xdf2c312132e6a7140562e57a5c8f0b57f78e7d732e846cb761d2a65d550bff0e
1695540252,2023-09-24 15:24:12,105,9334302,0x746ed74c3f0110a130e7bf464adfdf51da3a8fe4,0x3dd7e06fae9d35e04f317d7a2e9077db3d952d7d,21000,0xa01bf877f3343e6881eb8c3f302d8053a2889c66749fe34cf44deac2cb245981
1695525715,2023-09-24 11:21:55,104,9263189,0x746ed74c3f0110a130e7bf464adfdf51da3a8fe4,0xfc13ebe7feb9595d70195e9168aa7f3ace153621,465721,0xf8b4e8957e12157f8fd50fd4fa67e21bacd64c2dfe05d66a2637177fc7a88497
1695525690,2023-09-24 11:21:30,103,9263085,0x746ed74c3f0110a130e7bf464adfdf51da3a8fe4,0xfc13ebe7feb9595d70195e9168aa7f3ace153621,467028,0xdbf10ba5530a2ab7f6177f74c4cef5194e7cab7f78387f047dca98343fde0012
1695525670,2023-09-24 11:21:10,102,9262988,0x746ed74c3f0110a130e7bf464adfdf51da3a8fe4,0xfc13ebe7feb9595d70195e9168aa7f3ace153621,476776,0x6e57fb8b70c6437b0977d693a82fe38910d639a698ec906962271c3952bb3fda
1695525639,2023-09-24 11:20:39,101,9262873,0x746ed74c3f0110a130e7bf464adfdf51da3a8fe4,0xfc13ebe7feb9595d70195e9168aa7f3ace153621,469028,0xd068d58ca15bc6a8a3b596531020715da00ca0f900b053f99f33d69707240058
1695525629,2023-09-24 11:20:29,100,9262831,0x746ed74c3f0110a130e7bf464adfdf51da3a8fe4,0xfc13ebe7feb9595d70195e9168aa7f3ace153621,469028,0x1ead0111032bd08d069339fa2fcefa52a5ef8a0dabb7e621b33eb065ec877a8b
1695525619,2023-09-24 11:20:19,99,9262788,0x746ed74c3f0110a130e7bf464adfdf51da3a8fe4,0xfc13ebe7feb9595d70195e9168aa7f3ace153621,469028,0x4f84ee016141a01e266893c7cb5c98af9db6e5dfbc34be99fe1e10f65002bd36
1695525609,2023-09-24 11:20:09,98,9262741,0x746ed74c3f0110a130e7bf464adfdf51da3a8fe4,0xfc13ebe7feb9595d70195e9168aa7f3ace153621,469028,0xaff6cb7c70cb16a1570d8f1ac289e858dadf037c9a0f04098a8bf2dfe6ed1aa0
1695525599,2023-09-24 11:19:59,97,9262698,0x746ed74c3f0110a130e7bf464adfdf51da3a8fe4,0xfc13ebe7feb9595d70195e9168aa7f3ace153621,469028,0x3fd3c63dded8f8138843c5cac454a7fda13e736bcf3a277486cc802ffd020c32
1695525589,2023-09-24 11:19:49,96,9262640,0x746ed74c3f0110a130e7bf464adfdf51da3a8fe4,0xfc13ebe7feb9595d70195e9168aa7f3ace153621,467908,0x8d7b6f998469a85bd07505d7952d77d1aa38b440a55c0f8850525ebc6a525682
1695525579,2023-09-24 11:19:39,95,9262588,0x746ed74c3f0110a130e7bf464adfdf51da3a8fe4,0xfc13ebe7feb9595d70195e9168aa7f3ace153621,486719,0xda594ee00007ef8ed0f369ab6b8008cd0953e2f0246cc04b369412470fac5def
1695525569,2023-09-24 11:19:29,94,9262545,0x746ed74c3f0110a130e7bf464adfdf51da3a8fe4,0xfc13ebe7feb9595d70195e9168aa7f3ace153621,467908,0x3ba8530da85e78b751263448c187518830897f36464a163582f8e2391f0d800f
1695525559,2023-09-24 11:19:19,93,9262501,0x746ed74c3f0110a130e7bf464adfdf51da3a8fe4,0xfc13ebe7feb9595d70195e9168aa7f3ace153621,467908,0xb1550787c10890d7209b70c997046c3f74d9edc141a3df6efe93d82a6405b429
1695525554,2023-09-24 11:19:14,92,9262450,0x746ed74c3f0110a130e7bf464adfdf51da3a8fe4,0xfc13ebe7feb9595d70195e9168aa7f3ace153621,476951,0xc09fd0a36ce1d6e15f70b0fafaa00f93ba558c9dc5ebaed319d465d1084d44c5
1695525544,2023-09-24 11:19:04,91,9262403,0x746ed74c3f0110a130e7bf464adfdf51da3a8fe4,0xfc13ebe7feb9595d70195e9168aa7f3ace153621,476951,0x212e1228c2c7eb6fe6b31ad2132d734ca4ed2468b5c3f76dc87f15be28b85a17
1695525524,2023-09-24 11:18:44,90,9262300,0x746ed74c3f0110a130e7bf464adfdf51da3a8fe4,0x78c1b0c915c4faa5fffa6cabf0219da63d7f4cb8,34877,0xc703940dc24beec714938ac8b146aad4dcce3d71703d039061a731a5368c6e32
1695525494,2023-09-24 11:18:14,89,9262142,0x746ed74c3f0110a130e7bf464adfdf51da3a8fe4,0xfc13ebe7feb9595d70195e9168aa7f3ace153621,465231,0x6c980215e727cf57b7ee73580e26266fe22b7105b96f3d9350d42aa3baa2c9a3
1695525484,2023-09-24 11:18:04,88,9262094,0x746ed74c3f0110a130e7bf464adfdf51da3a8fe4,0x78c1b0c915c4faa5fffa6cabf0219da63d7f4cb8,34877,0xac39fab87ed5cc0fe671b1b9e8d2903c15f57b665f2c80cbaacf47a0580f8a77
1695525479,2023-09-24 11:17:59,87,9262084,0x746ed74c3f0110a130e7bf464adfdf51da3a8fe4,0x78c1b0c915c4faa5fffa6cabf0219da63d7f4cb8,34877,0x1e54a544a162d1fc8f01e87a026eea299c0b2754101710c89cdfe072a42fac31
1695525469,2023-09-24 11:17:49,86,9262036,0x746ed74c3f0110a130e7bf464adfdf51da3a8fe4,0xfc13ebe7feb9595d70195e9168aa7f3ace153621,469181,0xf93b945c8cc8028a95b05d981ef0446f3a76ee6ae4489ec41b4335689b61a593
1695525444,2023-09-24 11:17:24,85,9261896,0x746ed74c3f0110a130e7bf464adfdf51da3a8fe4,0xfc13ebe7feb9595d70195e9168aa7f3ace153621,553703,0xa66330ef1bd69242b6361e18be6e17c42b29099ad2e7227d73d3293db6101e2d
1695525434,2023-09-24 11:17:14,84,9261842,0x746ed74c3f0110a130e7bf464adfdf51da3a8fe4,0xfc13ebe7feb9595d70195e9168aa7f3ace153621,553709,0x5a8ad999c06c073d086f61654e6ac7ec3670307419d128da2dbb7958c43e49dc
1695525419,2023-09-24 11:16:59,83,9261797,0x746ed74c3f0110a130e7bf464adfdf51da3a8fe4,0xfc13ebe7feb9595d70195e9168aa7f3ace153621,469018,0x00ecf40a8146202d46157c4509cc27370ff0a1793cf1d671849ac030e746c5c9
1695525174,2023-09-24 11:12:54,82,9260574,0x746ed74c3f0110a130e7bf464adfdf51da3a8fe4,0xfc13ebe7feb9595d70195e9168aa7f3ace153621,468073,0xb7e90710cdf6533a8a8ebd5f1940ea084d5abe418a39a2baa4a87f6b1fc5c9bb
1695525159,2023-09-24 11:12:39,81,9260520,0x746ed74c3f0110a130e7bf464adfdf51da3a8fe4,0xfc13ebe7feb9595d70195e9168aa7f3ace153621,468069,0xef9edd4da44c681b6896c8bcfc5e544d323783a2c61cef2263e3cae8efce8d5f
1695525149,2023-09-24 11:12:29,80,9260480,0x746ed74c3f0110a130e7bf464adfdf51da3a8fe4,0xfc13ebe7feb9595d70195e9168aa7f3ace153621,452361,0xaaa96981ea268686f9802ce530d0551573107d067fd34f00ef132cda09289f54
1695525139,2023-09-24 11:12:19,79,9260429,0x746ed74c3f0110a130e7bf464adfdf51da3a8fe4,0xfc13ebe7feb9595d70195e9168aa7f3ace153621,476762,0x57fec72ae818bb354ab18d33368874d43449f230b8260baaad170888b51a344b
1695525129,2023-09-24 11:12:09,78,9260389,0x746ed74c3f0110a130e7bf464adfdf51da3a8fe4,0xfc13ebe7feb9595d70195e9168aa7f3ace153621,495573,0xd3cf455a143d9bdfc2b785f9b30598f4f4a37f141690d44eaed198532a1ebeca
1695525119,2023-09-24 11:11:59,77,9260331,0x746ed74c3f0110a130e7bf464adfdf51da3a8fe4,0xfc13ebe7feb9595d70195e9168aa7f3ace153621,452361,0x69857c0f1ddd49b2f8f1406ceec0951f59a47a586bae9e3e690ffb6d057d54ee
1695525104,2023-09-24 11:11:44,76,9260258,0x746ed74c3f0110a130e7bf464adfdf51da3a8fe4,0xfc13ebe7feb9595d70195e9168aa7f3ace153621,478433,0x71fbda1310633a7f679f85e1d239e54daca781f123167451917dfd6ab595cded
1695525094,2023-09-24 11:11:34,75,9260207,0x746ed74c3f0110a130e7bf464adfdf51da3a8fe4,0xfc13ebe7feb9595d70195e9168aa7f3ace153621,452361,0xf4ea75e81b28eb5547d6a76bd7e3a72f9dd0d673244a114d6d4078274a764ffe
1695525084,2023-09-24 11:11:24,74,9260143,0x746ed74c3f0110a130e7bf464adfdf51da3a8fe4,0xfc13ebe7feb9595d70195e9168aa7f3ace153621,475642,0xa559f2c01421f21209f655d9f4b727758e3aa746b7bb1badda12d2e25ddceab0
1695525069,2023-09-24 11:11:09,73,9260090,0x746ed74c3f0110a130e7bf464adfdf51da3a8fe4,0xfc13ebe7feb9595d70195e9168aa7f3ace153621,467894,0xe83b3fad43e50d75f2972122e960b03e1119260e0829bba35cf9625e155679c5
1695525059,2023-09-24 11:10:59,72,9260038,0x746ed74c3f0110a130e7bf464adfdf51da3a8fe4,0xfc13ebe7feb9595d70195e9168aa7f3ace153621,467894,0xa3f8fa3f4faa3a945ba5a2e4288c7ca149b1bbc1ee3cd1badc0565c43eb81eba
1695525049,2023-09-24 11:10:49,71,9259981,0x746ed74c3f0110a130e7bf464adfdf51da3a8fe4,0xfc13ebe7feb9595d70195e9168aa7f3ace153621,467894,0x75382e131a1348ed46dba16193ff56d3d73beafad075d76c6b94e562d5e17ab1
1695525019,2023-09-24 11:10:19,70,9259843,0x746ed74c3f0110a130e7bf464adfdf51da3a8fe4,0xfc13ebe7feb9595d70195e9168aa7f3ace153621,469189,0xa851110c9f57b3257d71f7e975bf0bc72b34cfce8be2b3708df46207fd0c4452
1695525009,2023-09-24 11:10:09,69,9259805,0x746ed74c3f0110a130e7bf464adfdf51da3a8fe4,0xfc13ebe7feb9595d70195e9168aa7f3ace153621,469189,0x13863cbe998ca48834588009ad73ef973d47683d9aa6e969d75437c8537fbcbb
1695524999,2023-09-24 11:09:59,68,9259754,0x746ed74c3f0110a130e7bf464adfdf51da3a8fe4,0xfc13ebe7feb9595d70195e9168aa7f3ace153621,462774,0xfc0d059ab230cf38f8e52b21f35a0ceeea89e8a186196fa78a4fdf0692b14d7e
1695524989,2023-09-24 11:09:49,67,9259692,0x746ed74c3f0110a130e7bf464adfdf51da3a8fe4,0xfc13ebe7feb9595d70195e9168aa7f3ace153621,469189,0xae6c02159f90b69dda2e1a9416821f57f08fd2e83da30f30537c7a3019754f4d
1695524949,2023-09-24 11:09:09,66,9259511,0x746ed74c3f0110a130e7bf464adfdf51da3a8fe4,0xfc13ebe7feb9595d70195e9168aa7f3ace153621,475817,0xfcf276c5554f0ba635a7811d54f61965567782e29ec20b7ccf01048e96c21ec2
1695524939,2023-09-24 11:08:59,65,9259463,0x746ed74c3f0110a130e7bf464adfdf51da3a8fe4,0xfc13ebe7feb9595d70195e9168aa7f3ace153621,469189,0x8ed037aee0f300aa41316155b86040860b167a3de78dc5d99d31d3886f0a135f
1695524924,2023-09-24 11:08:44,64,9259400,0x746ed74c3f0110a130e7bf464adfdf51da3a8fe4,0xfc13ebe7feb9595d70195e9168aa7f3ace153621,468069,0x98296f45f005045afdf764a38bf100879fc1359c9d223b4222873e52517b1c1f
1695524914,2023-09-24 11:08:34,63,9259344,0x746ed74c3f0110a130e7bf464adfdf51da3a8fe4,0xfc13ebe7feb9595d70195e9168aa7f3ace153621,475817,0xf1fa38ed2d9df012485452bac96d55034d2321958e88e081c983d56b70768bc8
1695524904,2023-09-24 11:08:24,62,9259301,0x746ed74c3f0110a130e7bf464adfdf51da3a8fe4,0xfc13ebe7feb9595d70195e9168aa7f3ace153621,469189,0xfe65bfef7a381ffa65b641f2fdc81f957861308dd8f10b23342c2d4cc3ea8802
1695524894,2023-09-24 11:08:14,61,9259259,0x746ed74c3f0110a130e7bf464adfdf51da3a8fe4,0xfc13ebe7feb9595d70195e9168aa7f3ace153621,468069,0x18ec5c3d4fe077e49fd48936794d89c4b454358bd62e3100f30d67f6498b3b28
1695524884,2023-09-24 11:08:04,60,9259214,0x746ed74c3f0110a130e7bf464adfdf51da3a8fe4,0xfc13ebe7feb9595d70195e9168aa7f3ace153621,457655,0xef5a5b1454c7af7165a8ec4f23b07a34e919575f88b63267211d339d7d9f3261
1695524874,2023-09-24 11:07:54,59,9259162,0x746ed74c3f0110a130e7bf464adfdf51da3a8fe4,0xfc13ebe7feb9595d70195e9168aa7f3ace153621,501889,0xc1ee802a1647275e90f01db6879a06a5074876edb9af79e9b76b13a1bef5deba
1695524864,2023-09-24 11:07:44,58,9259119,0x746ed74c3f0110a130e7bf464adfdf51da3a8fe4,0xfc13ebe7feb9595d70195e9168aa7f3ace153621,475817,0x634098ad073a5fbc4f3ba65f1857e45e8c64eff930fe7d2504863f95b3ee44d6
1695524854,2023-09-24 11:07:34,57,9259075,0x746ed74c3f0110a130e7bf464adfdf51da3a8fe4,0xfc13ebe7feb9595d70195e9168aa7f3ace153621,494628,0x904fe8aeee418891bce792c2a5103830c29195f4411e603ef35713fa599635b8
1695524844,2023-09-24 11:07:24,56,9259035,0x746ed74c3f0110a130e7bf464adfdf51da3a8fe4,0xfc13ebe7feb9595d70195e9168aa7f3ace153621,469189,0xad5e81bca39c8735102fb9abf71c5c88b6857a8cf47dc1f7ce7fbe6120bf0c13
1695524814,2023-09-24 11:06:54,55,9258925,0x746ed74c3f0110a130e7bf464adfdf51da3a8fe4,0xfc13ebe7feb9595d70195e9168aa7f3ace153621,486880,0xa40ba25b5fbd9b65eb316b72ba315d598a8be7c5c0dee09fba48ec9b9fba756b
1695524809,2023-09-24 11:06:49,54,9258889,0x746ed74c3f0110a130e7bf464adfdf51da3a8fe4,0xfc13ebe7feb9595d70195e9168aa7f3ace153621,486880,0x28ad2a93f5eaccf2705a49ad1dbaae1369113805361d8a970e84ebc4a5ca5e51
1695524799,2023-09-24 11:06:39,53,9258854,0x746ed74c3f0110a130e7bf464adfdf51da3a8fe4,0xfc13ebe7feb9595d70195e9168aa7f3ace153621,477102,0xe3a4d084006ad096baff3730c0f40bf4789cb0f3dabb9b624d32cc7b0d4b4f40
1695524759,2023-09-24 11:05:59,52,9258685,0x746ed74c3f0110a130e7bf464adfdf51da3a8fe4,0xfc13ebe7feb9595d70195e9168aa7f3ace153621,469179,0xe53207067ac73ddbcb083218b76c2853a513875c65dca2628e69879dd340dc7f
1695524623,2023-09-24 11:03:43,51,9258193,0x746ed74c3f0110a130e7bf464adfdf51da3a8fe4,0xfc13ebe7feb9595d70195e9168aa7f3ace153621,487990,0xb337108032f85438ed329d7daecf1d764be415cc53178b01399ed18271a4cb23
1695524618,2023-09-24 11:03:38,50,9258163,0x746ed74c3f0110a130e7bf464adfdf51da3a8fe4,0xfc13ebe7feb9595d70195e9168aa7f3ace153621,475807,0xe7d29f38b322d0bc3ba83c73393137ff12e43b45b65e593cfcf8b34ebb8a540e
1695524608,2023-09-24 11:03:28,49,9258123,0x746ed74c3f0110a130e7bf464adfdf51da3a8fe4,0xfc13ebe7feb9595d70195e9168aa7f3ace153621,469179,0x4c9b05f7e6b6d2a5bb0a434a2b3472e4f3b5b0c8fcacb8d48391f7ea6b6ae4c2
1695524598,2023-09-24 11:03:18,48,9258084,0x746ed74c3f0110a130e7bf464adfdf51da3a8fe4,0xfc13ebe7feb9595d70195e9168aa7f3ace153621,483404,0x6045a807999aba246f44c4e773e218f6b7927579f6b52ae85d4340a25db810fd
1695524588,2023-09-24 11:03:08,47,9258048,0x746ed74c3f0110a130e7bf464adfdf51da3a8fe4,0xfc13ebe7feb9595d70195e9168aa7f3ace153621,469179,0x3efac4c1725e6cfb050b682f224211270522cbb813a53f439265a5e162fa301b
1695524578,2023-09-24 11:02:58,46,9258017,0x746ed74c3f0110a130e7bf464adfdf51da3a8fe4,0xfc13ebe7feb9595d70195e9168aa7f3ace153621,469179,0x7e937d5bcdcb9af894d13c1f0858d118d07c92882fb9555a24175f13dcb90128
1695524568,2023-09-24 11:02:48,45,9257965,0x746ed74c3f0110a130e7bf464adfdf51da3a8fe4,0xfc13ebe7feb9595d70195e9168aa7f3ace153621,469179,0xae2504d044ace3a6e8386f6b61d2113649c8d377b41a03881c56e34b2349551d
1695524473,2023-09-24 11:01:13,44,9257552,0x746ed74c3f0110a130e7bf464adfdf51da3a8fe4,0xfc13ebe7feb9595d70195e9168aa7f3ace153621,469354,0x854b2402882938d70b7b63e5d37ea722a4d231f07bd685edded8689ede59d76e
1695524458,2023-09-24 11:00:58,43,9257501,0x746ed74c3f0110a130e7bf464adfdf51da3a8fe4,0xfc13ebe7feb9595d70195e9168aa7f3ace153621,477102,0x66e4d6ba884fa4232e5f0cd373c503bbf80c1b7d82e898114da769d0907e904a
1695524453,2023-09-24 11:00:53,42,9257461,0x746ed74c3f0110a130e7bf464adfdf51da3a8fe4,0xfc13ebe7feb9595d70195e9168aa7f3ace153621,477102,0xbe23439cd20466c13ae4f4d4236e3294ddc4b7fcb1d705598421ad6f671b923b
1695524443,2023-09-24 11:00:43,41,9257418,0x746ed74c3f0110a130e7bf464adfdf51da3a8fe4,0xfc13ebe7feb9595d70195e9168aa7f3ace153621,462963,0x90565ba15535db64de969625fed8e819725384f4afabb9cb71b333b39498945a
1695524393,2023-09-24 10:59:53,40,9257179,0x746ed74c3f0110a130e7bf464adfdf51da3a8fe4,0xfc13ebe7feb9595d70195e9168aa7f3ace153621,503373,0x82017708091e875aeddf9b2b890d00c694bbf93ac818ceb671e40440f7fc187b
1695524383,2023-09-24 10:59:43,39,9257129,0x746ed74c3f0110a130e7bf464adfdf51da3a8fe4,0xfc13ebe7feb9595d70195e9168aa7f3ace153621,565384,0x51a9ade3455e356b4682a69cbdbfff396cd39423b5766b48c20d8725eef50605
1695524373,2023-09-24 10:59:33,38,9257085,0x746ed74c3f0110a130e7bf464adfdf51da3a8fe4,0xfc13ebe7feb9595d70195e9168aa7f3ace153621,468258,0x0280b0479151c1732fc3444624d8f72427d8dbb39646996260c14ee17a88273e
1695524362,2023-09-24 10:59:22,37,9257035,0x746ed74c3f0110a130e7bf464adfdf51da3a8fe4,0xfc13ebe7feb9595d70195e9168aa7f3ace153621,487069,0x9f916b3651f5a10aecdff772abcafaa0c99ca6187d2b5c3434c8b1e758886e03
1695470749,2023-09-23 20:05:49,36,9075886,0x746ed74c3f0110a130e7bf464adfdf51da3a8fe4,0x611575ee1fbd4f7915d0eabcc518ed396ff78f0c,571179,0x8f50661d63e166183b71052fbf40f645380fa583c1dfe38a72f34b83b0ac2bfe
1695470729,2023-09-23 20:05:29,35,9075805,0x746ed74c3f0110a130e7bf464adfdf51da3a8fe4,0x201eba5cc46d216ce6dc03f6a759e8e766e956ae,46599,0xb7e97d7ae16640071ca1b9aa15f9efb0e79cf7849656f9019579b6fb64ca5ce8
1695470266,2023-09-23 19:57:46,34,9073720,0x746ed74c3f0110a130e7bf464adfdf51da3a8fe4,0xfc13ebe7feb9595d70195e9168aa7f3ace153621,457484,0x11a54ee8d922019b404ba150f658bafe091f95dd521f1e505c2c4e5398c1d344
1695470256,2023-09-23 19:57:36,33,9073689,0x746ed74c3f0110a130e7bf464adfdf51da3a8fe4,0xfc13ebe7feb9595d70195e9168aa7f3ace153621,457484,0xfb5a06005aa46cda40ced8835a2e3713a1b2ddc52ffc5976529f15f2e47aa38a
1695470246,2023-09-23 19:57:26,32,9073641,0x746ed74c3f0110a130e7bf464adfdf51da3a8fe4,0xfc13ebe7feb9595d70195e9168aa7f3ace153621,457484,0x97c442983c96d361823a64b43d9ad5cb57d426341800890d4953616548b8b6f4
1695470236,2023-09-23 19:57:16,31,9073583,0x746ed74c3f0110a130e7bf464adfdf51da3a8fe4,0x78c1b0c915c4faa5fffa6cabf0219da63d7f4cb8,51977,0x743248af7f22c8fc4014c125d377eecdee084f31ec5f5249f6e94737cbf634e8
1695469940,2023-09-23 19:52:20,30,9072393,0x746ed74c3f0110a130e7bf464adfdf51da3a8fe4,0x25c030116feb2e7bba054b9de0915e5f51b03e31,163355,0xbc99fb318daeba141a81560231524952f07a59362609144e5491973d7c65081d
1695469620,2023-09-23 19:47:00,29,9070936,0x746ed74c3f0110a130e7bf464adfdf51da3a8fe4,0xfc13ebe7feb9595d70195e9168aa7f3ace153621,447575,0xedd43315473213a8d2df2ee1270782fac39cadb47497cad7b703139e7a6d26e7
1695469605,2023-09-23 19:46:45,28,9070863,0x746ed74c3f0110a130e7bf464adfdf51da3a8fe4,0x78c1b0c915c4faa5fffa6cabf0219da63d7f4cb8,51977,0x9e835511b60bcd2c9993df89d90f1f418387c9c9a905515c0166c6c87e1a22b3
1695469585,2023-09-23 19:46:25,27,9070788,0x746ed74c3f0110a130e7bf464adfdf51da3a8fe4,0xfc13ebe7feb9595d70195e9168aa7f3ace153621,447575,0x33238d16e3d651357efe6c436500f494e8fdff74e96957f2d801126b3f117586
1695469580,2023-09-23 19:46:20,26,9070747,0x746ed74c3f0110a130e7bf464adfdf51da3a8fe4,0x78c1b0c915c4faa5fffa6cabf0219da63d7f4cb8,51977,0xac074efc24776d75b09cb1a3a2b0aa6d5aa9893f352ce209a56b253942d87ddd
1695469540,2023-09-23 19:45:40,25,9070564,0x746ed74c3f0110a130e7bf464adfdf51da3a8fe4,0xfc13ebe7feb9595d70195e9168aa7f3ace153621,466386,0x72e57bab6fbfbf6aaf617cf649edc8eb48c597ff953f0c573c5379bec9df0815
1695469530,2023-09-23 19:45:30,24,9070505,0x746ed74c3f0110a130e7bf464adfdf51da3a8fe4,0xfc13ebe7feb9595d70195e9168aa7f3ace153621,452375,0xcfe27a6afe4bcd99f3e4b19fa5b7f482d0a1491acbcc90379a4a8e0963e9e8a8
1695469490,2023-09-23 19:44:50,23,9070323,0x746ed74c3f0110a130e7bf464adfdf51da3a8fe4,0xfc13ebe7feb9595d70195e9168aa7f3ace153621,469203,0x715843c6106c8c0d73200ff09405909dbf23d83430eb16c0f923dec05a794652
1695469480,2023-09-23 19:44:40,22,9070263,0x746ed74c3f0110a130e7bf464adfdf51da3a8fe4,0xfc13ebe7feb9595d70195e9168aa7f3ace153621,470536,0x3347cf7d95a0e39ac6511ced22b17bdad177a2dfbf72a83b559db440faef4526
1695469470,2023-09-23 19:44:30,21,9070218,0x746ed74c3f0110a130e7bf464adfdf51da3a8fe4,0xfc13ebe7feb9595d70195e9168aa7f3ace153621,469203,0xb67501ec26fce936603237cfbe0d8694a9f6c428b70dfa93504aacd1d72620db
1695469215,2023-09-23 19:40:15,20,9069083,0x746ed74c3f0110a130e7bf464adfdf51da3a8fe4,0xfc13ebe7feb9595d70195e9168aa7f3ace153621,469203,0x065c90412181684ea5a573a81bbb8e5683c50f28d4c8764c1d4a1d286ecd9867
1695469200,2023-09-23 19:40:00,19,9069044,0x746ed74c3f0110a130e7bf464adfdf51da3a8fe4,0xfc13ebe7feb9595d70195e9168aa7f3ace153621,469203,0x441fe4ad6ed454dfc1355d95907a6c39ca705448a0d9377db9852d88fb1b03c2
1695469195,2023-09-23 19:39:55,18,9068996,0x746ed74c3f0110a130e7bf464adfdf51da3a8fe4,0xfc13ebe7feb9595d70195e9168aa7f3ace153621,475831,0x5ba8d07dcc0f729d97d899d60f596c01f7caa09aa764e8f7633f102025d41cfe
1695469075,2023-09-23 19:37:55,17,9068445,0x746ed74c3f0110a130e7bf464adfdf51da3a8fe4,0xfc13ebe7feb9595d70195e9168aa7f3ace153621,462788,0xab92e4c44b47e7b8b48afb3d52063faff4625a8ecda81bd97a6175bcd764247a
1695469065,2023-09-23 19:37:45,16,9068386,0x746ed74c3f0110a130e7bf464adfdf51da3a8fe4,0xfc13ebe7feb9595d70195e9168aa7f3ace153621,462788,0x5bcaba1624857c8e3299ff0854328fafdef82f9f780f4d01954814e78474344a
1695469055,2023-09-23 19:37:35,15,9068336,0x746ed74c3f0110a130e7bf464adfdf51da3a8fe4,0xfc13ebe7feb9595d70195e9168aa7f3ace153621,465588,0x15204623f136a8c3c69483bd209a3ce0376776d938ae1c087438d81e3a22b270
1695469045,2023-09-23 19:37:25,14,9068254,0x746ed74c3f0110a130e7bf464adfdf51da3a8fe4,0xfc13ebe7feb9595d70195e9168aa7f3ace153621,462788,0xd754a743ec8d71728262ed82913213f7cd45780c97749e7cd0faa0232f886592
1695469030,2023-09-23 19:37:10,13,9068202,0x746ed74c3f0110a130e7bf464adfdf51da3a8fe4,0xfc13ebe7feb9595d70195e9168aa7f3ace153621,468083,0xc7de672e735205efdbd285ba657718bbfa584e3f6712c39168940481929c7bb5
1695468645,2023-09-23 19:30:45,12,9066391,0x746ed74c3f0110a130e7bf464adfdf51da3a8fe4,0xfc13ebe7feb9595d70195e9168aa7f3ace153621,462788,0x2dffcc87245d158e87a1518a535a03feae7129e8e484ab5027e8a427c6b29763
1695468545,2023-09-23 19:29:05,11,9065828,0x746ed74c3f0110a130e7bf464adfdf51da3a8fe4,0xfc13ebe7feb9595d70195e9168aa7f3ace153621,467908,0x5b5708e8bb5a83d95d057b18bb204b0f0bd0f4652ec681457e414f428ae0b883
1695468535,2023-09-23 19:28:55,10,9065765,0x746ed74c3f0110a130e7bf464adfdf51da3a8fe4,0xfc13ebe7feb9595d70195e9168aa7f3ace153621,476951,0xe660b33e8ddea3efeab3163656b662ee6dd264f4f2a2162a52c6b82684546c53
1695468520,2023-09-23 19:28:40,9,9065693,0x746ed74c3f0110a130e7bf464adfdf51da3a8fe4,0xfc13ebe7feb9595d70195e9168aa7f3ace153621,469203,0x55a9c486e55359c7408e035bd0831ce109e0fff7e675b7931b784976c6c790eb
1695468485,2023-09-23 19:28:05,8,9065471,0x746ed74c3f0110a130e7bf464adfdf51da3a8fe4,0xfc13ebe7feb9595d70195e9168aa7f3ace153621,470536,0x67dbd96fd6a03649c2215736a7c57790c841564c599324c830e2dbfb93803910
1695468430,2023-09-23 19:27:10,7,9065133,0x746ed74c3f0110a130e7bf464adfdf51da3a8fe4,0xfc13ebe7feb9595d70195e9168aa7f3ace153621,469203,0x847d0db06c85f874d7f5cba4a9035b0ce991a8fb2378ffcfe0955aaf7556577b
1695468420,2023-09-23 19:27:00,6,9065059,0x746ed74c3f0110a130e7bf464adfdf51da3a8fe4,0xfc13ebe7feb9595d70195e9168aa7f3ace153621,486303,0x92727b51f1a62607ba0725d67f91a46658af234cefabd358ffa6e548b039ba89
1695468395,2023-09-23 19:26:35,5,9064917,0x746ed74c3f0110a130e7bf464adfdf51da3a8fe4,0x78c1b0c915c4faa5fffa6cabf0219da63d7f4cb8,46565,0xec73ea46c6c721bbed89fb5556b609c97fd55e19f93cccb864adf4d5e22fa7ae
1695468390,2023-09-23 19:26:30,4,9064874,0x746ed74c3f0110a130e7bf464adfdf51da3a8fe4,0x201eba5cc46d216ce6dc03f6a759e8e766e956ae,46599,0xf0b290818e6af4a694c9f10435de02a9fc1b3bdbd516023cf3bd18bdfa2e9493
1695468370,2023-09-23 19:26:10,3,9064769,0x746ed74c3f0110a130e7bf464adfdf51da3a8fe4,0x78c1b0c915c4faa5fffa6cabf0219da63d7f4cb8,51977,0x8bb06b51bd46378dbb35bdc855879518c782272e782f34e7352fa5007fea47e2
1695468294,2023-09-23 19:24:54,2,9064380,0x746ed74c3f0110a130e7bf464adfdf51da3a8fe4,0x4bf659ca398a73aaf73818f0c64c838b9e229c08,150479,0xfa46a0743276d0b13a346c653551bbd4ebbfcd11bcd978a5f01344d57fb759b0
1695467859,2023-09-23 19:17:39,1,9062369,0x746ed74c3f0110a130e7bf464adfdf51da3a8fe4,0x065e959ffd4c76ae2e0d31cfcf91c0c9834472ec,277796,0xb6a94ad2d212c124fb08d99b58d8dfbab6f603d0173d648c6a288c87346a60eb
1695467684,2023-09-23 19:14:44,0,9061550,0x746ed74c3f0110a130e7bf464adfdf51da3a8fe4,0x7c78b18f496d3d37c44de09da4a5a76eb34b7e74,184461,0x587599ada4e7c77c018caf5ca0e431bf4f3a478321077c5dbf8aa22fb72bec51
